name,date
A/Quebec/161/2019|EPIISL411535|2019-12-03,2019/12/3
A/Quebec/197/2019|EPIISL411575|2019-12-23,2019/12/23
A/Belgium/IS0529/2020|EPIISL2484034|2020-01-26,2020/1/26
A/NewYork/11595/2020|EPIISL427949|2020-02-01,2020/2/1
A/Alberta/111/2019|EPIISL411550|2019-12-19,2019/12/19
A/Singapore/KK0531/2020|EPIISL481336|2020-01-21,2020/1/21
A/Stockholm/7/2020|EPIISL412399|2020-01-21,2020/1/21
A/Thailand/CU-B36847/2020|EPIISL4069971|2020-02-22,2020/2/22
A/FriuliVeneziaGiulia/257/2020|EPIISL486719|2020-02-11,2020/2/11
A/HongKong/711/2020|EPIISL732331|2020-03-20,2020/3/20
A/England/195200780/2019|EPIISL409976|2019-12-23,2019/12/23
A/England/195180883/2019|EPIISL428668|2019-12-08,2019/12/8
A/England/201141147/2020|EPIISL9029627|2020-02-20,2020/2/20
A/NordPasdeCalais/1108/2020|EPIISL515497|2020-02-10,2020/2/10
A/England/195200779/2019|EPIISL459842|2019-12-20,2019/12/20
A/Stavropol/10/2020|EPIISL485775|2020-03-03,2020/3/3
A/Poland/PL83/2022|EPIISL16759922|2022-12-11|HA|4,2022/12/11
A/BritishColumbia/PHL-288/2022|EPIISL16283363|2022-11-04|HA|4,2022/11/4
A/England/225261217/2022|EPIISL17246634|2022-12-20|HA|4,2022/12/20
A/Michigan/UOM10048610052/2022|EPIISL16869610|2022-11-28|HA|4,2022/11/28
A/France/ARA-HCL022215638501/2022|EPIISL16822859|2022-12-26|HA|4,2022/12/26
A/Michigan/UOM10048462611/2022|EPIISL16641735|2022-11-17|HA|4,2022/11/17
A/Salamanca/39/2022|EPIISL17268701|2022-11-08|HA|4,2022/11/8
A/RhodeIsland/87/2022|EPIISL16834460|2022-12-22|HA|4,2022/12/22
A/Massachusetts/49/2022|EPIISL16831076|2022-12-18|HA|4,2022/12/18
A/BritishColumbia/PHL-440/2022|EPIISL16401610|2022-12-04|HA|4,2022/12/4
A/Michigan/HFHSRR005105931/2022|EPIISL16935788|2022-12-10|HA|4,2022/12/10
A/Lisboa/620/2022|EPIISL16181359|2022-11-07|HA|4,2022/11/7
A/Delaware/43/2023|EPIISL17625827|2023-03-22|HA|4,2023/3/22
A/Baden-Wurttemberg/14/2023|EPIISL17505335|2023-02-10|HA|4,2023/2/10
A/England/224860393/2022|EPIISL16616098|2022-11-27|HA|4,2022/11/27
A/Washington/99/2022|EPIISL16833955|2022-12-23|HA|4,2022/12/23
A/England/224780219/2022|EPIISL16477500|2022-11-20|HA|4,2022/11/20
A/CostaRica/INC-0024-771501/2022|EPIISL18126927|2022-10-16|HA|4,2022/10/16
A/Navarra/4078/2022|EPIISL16054080|2022-10-21|HA|4,2022/10/21
A/Finland/317/2022|EPIISL16749448|2022-11-11|HA|4,2022/11/11
A/England/230180691/2022|EPIISL16886954|2022-12-25|HA|4,2022/12/25
A/England/225280004/2022|EPIISL17246646|2022-12-29|HA|4,2022/12/29
A/Germany/13819/2022|EPIISL16743902|2022-12-11|HA|4,2022/12/11
A/Rheinland-Pfalz/USAFSAM-13690/2022|EPIISL16888818|2022-11-18|HA|4,2022/11/18
A/Lisboa/666/2022|EPIISL16619075|2022-11-15|HA|4,2022/11/15
A/Georgia/2194/2022|EPIISL18123720|2022-11-22|HA|4,2022/11/22
A/Norway/32641/2022|EPIISL16465194|2022-10-17|HA|4,2022/10/17
A/CastillaLaMancha/4541/2022|EPIISL16836716|2022-11-24|HA|4,2022/11/24
A/Germany/13965/2022|EPIISL16744190|2022-12-28|HA|4,2022/12/28
A/Japan/USAFSAM-14163/2023|EPIISL17699581|2023-03-07|HA|4,2023/3/7
A/NewYork/13791/2022|EPIISL16574748|2022-11-29|HA|4,2022/11/29
A/Michigan/HFHSL360219308/2022|EPIISL16935748|2022-12-09|HA|4,2022/12/9
A/Michigan/HFHSL360157762/2022|EPIISL17401927|2022-12-07|HA|4,2022/12/7
A/KAWASAKI/4/2023|EPIISL17978680|2023-01-10|HA|4,2023/1/10
A/Netherlands/10002/2023|EPIISL16494733|2023-01-02|HA|4,2023/1/2
A/Netherlands/01342/2022|EPIISL15984904|2022-11-24|HA|4,2022/11/24
A/Rheinland-Pfalz/USAFSAM-13722/2022|EPIISL16890341|2022-11-27|HA|4,2022/11/27
A/Yunnan-Xishan/11119/2022|EPIISL16559115|2022-11-14|HA|4,2022/11/14
A/Michigan/HFHSL360077478/2022|EPIISL16872227|2022-12-04|HA|4,2022/12/4
A/Hessen/95/2022|EPIISL16552841|2022-11-28|HA|4,2022/11/28
A/Singapore/GP12092/2022|EPIISL16433724|2022-11-16|HA|4,2022/11/16
A/ABUDHABI/UAE/0004269/2022|EPIISL17813972|2022-10-16|HA|4,2022/10/16
A/California/35/2023|EPIISL17391811|2023-02-13|HA|4,2023/2/13
A/Romania/136/2023|EPIISL17209820|2023-01-05|HA|4,2023/1/5
A/England/224880470/2022|EPIISL16616139|2022-11-29|HA|4,2022/11/29
A/Michigan/UOM-863116/2022|EPIISL18125314|2022-12-13|HA|4,2022/12/13
A/Catalonia/NSVH170116992/2022|EPIISL16075750|2022-11-30|HA|4,2022/11/30
A/Shanghai-Huangpu/1658/2022|EPIISL16559147|2022-10-02|HA|4,2022/10/2
A/England/225260286/2022|EPIISL16858528|2022-12-23|HA|4,2022/12/23
A/Baltimore/JH-0410/2022|EPIISL15807292|2022-10-20|HA|4,2022/10/20
A/VelikiyNovgorod/RII-MH132636S/2023|EPIISL17710830|2023-02-01|HA|4,2023/2/1
A/ABUDHABI/UAE/0004535/2022|EPIISL17813904|2022-10-21|HA|4,2022/10/21
A/NewYork/16/2023|EPIISL17100771|2023-01-12|HA|4,2023/1/12
A/Shandong-Shibei/11422/2022|EPIISL16873569|2022-11-30|HA|4,2022/11/30
A/Michigan/UOM-962648/2022|EPIISL18133356|2022-12-19|HA|4,2022/12/19
A/Georgia/25/2022|EPIISL15928337|2022-10-08|HA|4,2022/10/8
A/Ontario/215/2022|EPIISL16755576|2022-12-21|HA|4,2022/12/21
A/England/225281086/2022|EPIISL17246837|2022-12-24|HA|4,2022/12/24
A/Minnesota/IVYD13J53G0/2022|EPIISL16957211|2022-11-25|HA|4,2022/11/25
A/Switzerland/28394/2022|EPIISL16759875|2022-12-19|HA|4,2022/12/19
A/IledeFrance/57267/2022|EPIISL16680832|2022-11-30|HA|4,2022/11/30
A/Luga/RII-11398S/2023|EPIISL17674708|2023-02-06|HA|4,2023/2/6
A/Michigan/UOM10048606708/2022|EPIISL16869594|2022-11-28|HA|4,2022/11/28
A/Murcia/4784/2022|EPIISL16591316|2022-12-04|HA|4,2022/12/4
A/Germany/13516/2022|EPIISL16486018|2022-10-19|HA|4,2022/10/19
A/Michigan/UOM10048840685/2022|EPIISL16872549|2022-12-12|HA|4,2022/12/12
A/Singapore/SAR0857/2023|EPIISL17966211|2023-01-25|HA|4,2023/1/25
A/Michigan/UOM10049179487/2023|EPIISL17804752|2023-01-05|HA|4,2023/1/5
A/Brunei/64/2022|EPIISL16003439|2022-10-07|HA|4,2022/10/7
A/Estonia/171948/2022|EPIISL17223841|2022-11-30|HA|4,2022/11/30
A/Slovenia/11321/2022|EPIISL17204379|2022-12-12|HA|4,2022/12/12
A/England/230120114/2022|EPIISL16858559|2022-12-29|HA|4,2022/12/29
A/ABUDHABI/UAE/0003999/2022|EPIISL17813942|2022-10-11|HA|4,2022/10/11
A/Michigan/MISAPPHIRE907425296/2022|EPIISL18076720|2022-12-14|HA|4,2022/12/14
A/NewMexico/13779/2022|EPIISL16574603|2022-12-05|HA|4,2022/12/5
A/Michigan/UOM-925141/2022|EPIISL18133328|2022-12-16|HA|4,2022/12/16
A/Catalonia/NSVH198257086/2022|EPIISL15504833|2022-10-18|HA|4,2022/10/18
A/Missouri/21/2023|EPIISL17391848|2023-03-06|HA|4,2023/3/6
A/Colorado/IVYD13J60F4/2022|EPIISL17018942|2022-11-30|HA|4,2022/11/30
A/Washington/31872/2022|EPIISL16868571|2022-12-01|HA|4,2022/12/1
A/AbuDhabi/7700/2022|EPIISL16836805|2022-11-23|HA|4,2022/11/23
A/Hawaii/49/2022|EPIISL16834781|2022-10-24|HA|4,2022/10/24
A/Rheinland-Pfalz/24/2022|EPIISL16549343|2022-10-31|HA|4,2022/10/31
A/California/RVTNL9158972875573/2022|EPIISL18005292|2022-12-07|HA|4,2022/12/7
A/France/ARA-HCL023005127901/2023|EPIISL16823073|2023-01-09|HA|4,2023/1/9
A/Bawshar/72212056/2022|EPIISL15926922|2022-10-30|HA|4,2022/10/30
A/Lisboa/727/2022|EPIISL16619156|2022-11-29|HA|4,2022/11/29
A/Sichuan-Fucheng/12159/2022|EPIISL16873578|2022-12-07|HA|4,2022/12/7
A/Norway/33536/2022|EPIISL16759864|2022-11-01|HA|4,2022/11/1
A/Missouri/10/2023|EPIISL17250813|2023-01-23|HA|4,2023/1/23
A/Illinois/22/2022|EPIISL15929699|2022-11-01|HA|4,2022/11/1
A/Japan/14075/2023|EPIISL17008575|2023-01-20|HA|4,2023/1/20
A/Michigan/UOM10048895359/2022|EPIISL17551755|2022-12-15|HA|4,2022/12/15
A/Hessen/109/2022|EPIISL17038074|2022-11-28|HA|4,2022/11/28
A/CastillaLaMancha/4360/2022|EPIISL16749867|2022-11-10|HA|4,2022/11/10
A/Gwangju/137/2022|EPIISL16922243|2022-11-21|HA|4,2022/11/21
A/Sweden/27/2022|EPIISL16598929|2022-12-21|HA|4,2022/12/21
A/Colorado/01/2023|EPIISL17100200|2023-01-01|HA|4,2023/1/1
A/Ontario/127/2022|EPIISL16755552|2022-12-10|HA|4,2022/12/10
A/Colorado/USAFSAM-13813/2022|EPIISL16919130|2022-12-15|HA|4,2022/12/15
A/NewYork/IVYG43P90Y2/2022|EPIISL17019070|2022-12-16|HA|4,2022/12/16
A/Thueringen/49/2022|EPIISL16551707|2022-11-14|HA|4,2022/11/14
A/Maine/45/2022|EPIISL16834413|2022-12-19|HA|4,2022/12/19
A/England/225060710/2022|EPIISL16749458|2022-12-12|HA|4,2022/12/12
A/Michigan/HFHSL360236108/2022|EPIISL17804645|2022-12-10|HA|4,2022/12/10
A/England/224680739/2022|EPIISL16100760|2022-11-10|HA|4,2022/11/10
A/Belgium/S1204/2023|EPIISL18167363|2023-02-16|HA|4,2023/2/16
A/Dijon/04835/2023|EPIISL18167389|2023-02-17|HA|4,2023/2/17
A/Michigan/HFHSL360175632/2022|EPIISL16872340|2022-12-08|HA|4,2022/12/8
A/Michigan/HFHSL360141665/2022|EPIISL16872265|2022-12-06|HA|4,2022/12/6
A/Wyoming/24/2022|EPIISL16447137|2022-12-02|HA|4,2022/12/2
A/Missouri/13747/2022|EPIISL16572592|2022-11-29|HA|4,2022/11/29
A/India/GIHSN-HCL023127033201/2023|EPIISL18131267|2023-01-24|HA|4,2023/1/24
A/Netherlands/12246/2022|EPIISL16600560|2022-12-31|HA|4,2022/12/31
A/Burgos/259/2022|EPIISL16520475|2022-10-11|HA|4,2022/10/11
A/Wyoming/25/2022|EPIISL16447158|2022-12-02|HA|4,2022/12/2
A/Romania/543855/2022|EPIISL16760516|2022-12-22|HA|4,2022/12/22
A/Netherlands/01348/2022|EPIISL16054270|2022-11-27|HA|4,2022/11/27
A/Michigan/UOM10049067718/2022|EPIISL17019281|2022-12-27|HA|4,2022/12/27
A/BritishColumbia/PHL-364/2022|EPIISL16283452|2022-11-30|HA|4,2022/11/30
A/Wisconsin/12/2023|EPIISL17102363|2023-01-23|HA|4,2023/1/23
A/Shandong-Zhangdian/1730/2022|EPIISL16873572|2022-12-15|HA|4,2022/12/15
A/Idaho/59/2022|EPIISL16834772|2022-11-22|HA|4,2022/11/22
A/Ontario/012/2022|EPIISL16755488|2022-11-09|HA|4,2022/11/9
A/Netherlands/01099/2023|EPIISL17258028|2023-03-06|HA|4,2023/3/6
A/Rheinland-Pfalz/USAFSAM-13884/2022|EPIISL16920469|2022-12-23|HA|4,2022/12/23
A/England/225060687/2022|EPIISL16749380|2022-12-07|HA|4,2022/12/7
A/Ohio/46/2022|EPIISL15929473|2022-10-25|HA|4,2022/10/25
A/Ceuta/230132/2022|EPIISL16914528|2022-12-29|HA|4,2022/12/29
A/Albania/290633/2023|EPIISL17223857|2023-01-06|HA|4,2023/1/6
A/Lebanon/2927/2022|EPIISL17981141|2022-12-27|HA|4,2022/12/27
A/Denmark/233/2023|EPIISL17190248|2023-01-20|HA|4,2023/1/20
A/California/54/2023|EPIISL17806294|2023-04-27|HA|4,2023/4/27
A/Parma/83/2022|EPIISL17268705|2022-11-14|HA|4,2022/11/14
A/Lisboa/748/2022|EPIISL16619173|2022-12-05|HA|4,2022/12/5
A/Michigan/68/2022|EPIISL16201237|2022-10-26|HA|4,2022/10/26
A/CastillaLaMancha/315/2023|EPIISL17095526|2023-01-10|HA|4,2023/1/10
A/Galicia/22019144/2022|EPIISL16470930|2022-11-17|HA|4,2022/11/17
A/Quebec/007/2022|EPIISL16755644|2022-11-13|HA|4,2022/11/13
A/ROMANIA/545443/2023|EPIISL17069093|2023-01-17|HA|4,2023/1/17
A/Andalucia/230467/2022|EPIISL17094967|2022-12-14|HA|4,2022/12/14
A/Idaho/43/2022|EPIISL16201533|2022-11-09|HA|4,2022/11/9
A/Norway/32514/2022|EPIISL15728506|2022-10-15|HA|4,2022/10/15
A/Slovakia/23-1458/2023|EPIISL17496548|2023-02-06|HA|4,2023/2/6
A/Michigan/UOM10048932271/2022|EPIISL17551764|2022-12-16|HA|4,2022/12/16
A/Idaho/65/2022|EPIISL16385135|2022-11-26|HA|4,2022/11/26
A/Michigan/HFHSL361710109/2023|EPIISL17983336|2023-01-31|HA|4,2023/1/31
A/Michigan/HFHSL360212510/2022|EPIISL17804621|2022-12-09|HA|4,2022/12/9
A/Michigan/UOM10049895567/2023|EPIISL17832885|2023-02-16|HA|4,2023/2/16
A/Japan/USAFSAM-14166/2023|EPIISL17699576|2023-03-13|HA|4,2023/3/13
A/Germany/13512/2022|EPIISL16486014|2022-10-17|HA|4,2022/10/17
A/IledeFrance/57794/2022|EPIISL16680840|2022-12-06|HA|4,2022/12/6
A/Andalucia/230459/2022|EPIISL17094857|2022-12-07|HA|4,2022/12/7
A/NorthDakota/21/2023|EPIISL17391837|2023-02-22|HA|4,2023/2/22
A/Human/NewYork/PV81107/2022|EPIISL17368528|2022-11-21|HA|4,2022/11/21
A/Andalucia/230470/2022|EPIISL17095009|2022-12-14|HA|4,2022/12/14
A/Kentucky/17/2022|EPIISL16763925|2022-12-05|HA|4,2022/12/5
A/Singapore/KK719/2022|EPIISL16520222|2022-10-17|HA|4,2022/10/17
A/Lisboa/762/2022|EPIISL16619184|2022-12-05|HA|4,2022/12/5
A/England/224480294/2022|EPIISL16032505|2022-10-21|HA|4,2022/10/21
A/Wisconsin/RVTNL2789838835621/2022|EPIISL17464799|2022-11-24|HA|4,2022/11/24
A/Michigan/HFHSL361408067/2023|EPIISL17983274|2023-01-18|HA|4,2023/1/18
A/Mexico/0826/2022|EPIISL16447189|2022-11-14|HA|4,2022/11/14
A/Michigan/UOMHS16149/2022|EPIISL17019586|2022-11-23|HA|4,2022/11/23
A/Catalonia/NSVH741052779/2022|EPIISL16196735|2022-12-13|HA|4,2022/12/13
A/Estonia/173645/2023|EPIISL18008505|2023-03-02|HA|4,2023/3/2
A/KhonKaen/FS010/2022|EPIISL16613619|2022-11-18|HA|4,2022/11/18
A/Netherlands/11876/2022|EPIISL16140150|2022-12-02|HA|4,2022/12/2
A/England/224380524/2022|EPIISL15888857|2022-10-22|HA|4,2022/10/22
A/Michigan/UOM10049116779/2022|EPIISL17551696|2022-12-30|HA|4,2022/12/30
A/NewYork/14005/2022|EPIISL16744258|2022-12-14|HA|4,2022/12/14
A/England/231280378/2022|EPIISL18010867|2022-12-14|HA|4,2022/12/14
A/France/PAC-HCL023026489601/2023|EPIISL17693696|2023-02-06|HA|4,2023/2/6
A/Michigan/UOM10049062213/2022|EPIISL18005649|2022-12-27|HA|4,2022/12/27
A/California/185/2022|EPIISL16834783|2022-11-22|HA|4,2022/11/22
A/Hubei-Duodao/251/2023|EPIISL18068854|2023-03-20|HA|4,2023/3/20
A/ChampagneArdenne/57260/2022|EPIISL16680826|2022-12-01|HA|4,2022/12/1
A/Florida/10/2023|EPIISL17212777|2023-01-09|HA|4,2023/1/9
A/Florida/127/2022|EPIISL16830249|2022-11-14|HA|4,2022/11/14
A/Oregon/52/2022|EPIISL16201529|2022-11-08|HA|4,2022/11/8
A/CastillaLaMancha/4033/2022|EPIISL16054000|2022-10-10|HA|4,2022/10/10
A/Tennessee/50/2022|EPIISL16830201|2022-11-23|HA|4,2022/11/23
A/Germany/13559/2022|EPIISL16491571|2022-10-27|HA|4,2022/10/27
A/Michigan/UOM-10048371304/2022|EPIISL17634430|2022-11-11|HA|4,2022/11/11
A/England/230540122/2023|EPIISL17225066|2023-01-30|HA|4,2023/1/30
A/England/224120264/2022|EPIISL16937244|2022-10-10|HA|4,2022/10/10
A/France/ARA-HCL022211054901/2022|EPIISL16822687|2022-12-17|HA|4,2022/12/17
A/Estonia/KL6953/2022|EPIISL17223842|2022-12-02|HA|4,2022/12/2
A/Michigan/UOM10048652655/2022|EPIISL16869650|2022-11-30|HA|4,2022/11/30
A/Michigan/UOM-10048344343/2022|EPIISL17634535|2022-11-10|HA|4,2022/11/10
A/CastillaLaMancha/4107/2022|EPIISL15999264|2022-10-17|HA|4,2022/10/17
A/Hessen/100/2022|EPIISL17037924|2022-11-22|HA|4,2022/11/22
A/Ireland/9045/2023|EPIISL18044567|2023-02-04|HA|4,2023/2/4
A/Missouri/USAFSAM-13983/2022|EPIISL16919181|2022-12-15|HA|4,2022/12/15
A/Poland/PL76/2022|EPIISL16759328|2022-12-15|HA|4,2022/12/15
A/England/225140707/2022|EPIISL17224995|2022-12-14|HA|4,2022/12/14
A/Lisboa/25/2023|EPIISL17370740|2023-01-04|HA|4,2023/1/4
A/England/225280064/2022|EPIISL17225011|2022-12-19|HA|4,2022/12/19
A/Extremadura/704/2023|EPIISL17297328|2023-02-02|HA|4,2023/2/2
A/Poland/PL50/2022|EPIISL16759329|2022-12-15|HA|4,2022/12/15
A/England/224940233/2022|EPIISL16657763|2022-12-01|HA|4,2022/12/1
A/England/224380555/2022|EPIISL15888903|2022-10-23|HA|4,2022/10/23
A/Chungbuk/736/2023|EPIISL17150660|2023-02-06|HA|4,2023/2/6
A/Vermont/15/2022|EPIISL17100959|2022-11-30|HA|4,2022/11/30
A/Guatemala/327/2022|EPIISL16447183|2022-10-06|HA|4,2022/10/6
A/Ontario/138/2022|EPIISL16755617|2022-12-10|HA|4,2022/12/10
A/Michigan/UOM10049020334/2022|EPIISL18076787|2022-12-22|HA|4,2022/12/22
A/Baltimore/JH-0549/2022|EPIISL16814735|2022-11-02|HA|4,2022/11/2
A/Michigan/HFHSL360223073/2022|EPIISL17804633|2022-12-09|HA|4,2022/12/9
A/France/ARA-HCL022217171601/2022|EPIISL16822902|2022-12-28|HA|4,2022/12/28
A/Michigan/HFHSL360236619/2022|EPIISL17804647|2022-12-10|HA|4,2022/12/10
A/Michigan/HFHSL361461341/2023|EPIISL17983312|2023-01-20|HA|4,2023/1/20
A/Nepal/434/2023|EPIISL18138342|2023-04-03|HA|4,2023/4/3
A/Switzerland/07426/2022|EPIISL16681936|2022-11-17|HA|4,2022/11/17
A/Michigan/HFHSL360219273/2022|EPIISL16935746|2022-12-09|HA|4,2022/12/9
A/CastillaLaMancha/4218/2022|EPIISL15999279|2022-10-23|HA|4,2022/10/23
A/Catalonia/NSVH534133575/2022|EPIISL16258253|2022-12-15|HA|4,2022/12/15
A/Michigan/UOM-907492/2022|EPIISL18120089|2022-12-15|HA|4,2022/12/15
A/England/225100326/2022|EPIISL16749478|2022-12-15|HA|4,2022/12/15
A/Germany/13713/2022|EPIISL16572318|2022-11-23|HA|4,2022/11/23
A/Tennessee/RVTNL3963341312222/2022|EPIISL16631974|2022-10-14|HA|4,2022/10/14
A/NorthDakota/32/2022|EPIISL16761526|2022-12-04|HA|4,2022/12/4
A/Belgium/G0261/2023|EPIISL18167357|2023-03-07|HA|4,2023/3/7
A/Delaware/49/2023|EPIISL17857201|2023-04-24|HA|4,2023/4/24
A/Lisboa/708/2022|EPIISL16619137|2022-11-25|HA|4,2022/11/25
A/CastillaLaMancha/1427/2023|EPIISL17716376|2023-03-12|HA|4,2023/3/12
A/France/ARA-HCL022216793001/2022|EPIISL16822889|2022-12-27|HA|4,2022/12/27
A/Hubei-Yiling/2133/2023|EPIISL18068788|2023-04-18|HA|4,2023/4/18
A/Alabama/USAFSAM-13539/2022|EPIISL16880845|2022-11-07|HA|4,2022/11/7
A/Shandong-Decheng/11130/2022|EPIISL16873560|2022-11-13|HA|4,2022/11/13
A/Massachusetts/55/2022|EPIISL16831100|2022-12-24|HA|4,2022/12/24
A/NorthCarolina/24/2022|EPIISL16765475|2022-11-27|HA|4,2022/11/27
A/Karlstad/5/2023|EPIISL18017736|2023-04-07|HA|4,2023/4/7
A/Ontario/009/2023|EPIISL17585031|2023-01-31|HA|4,2023/1/31
A/Germany/13521/2022|EPIISL16486031|2022-10-22|HA|4,2022/10/22
A/NewHampshire/35/2022|EPIISL16201628|2022-11-21|HA|4,2022/11/21
A/Pennsylvania/75/2022|EPIISL16385110|2022-11-18|HA|4,2022/11/18
A/Hessen/99/2022|EPIISL17037864|2022-11-18|HA|4,2022/11/18
A/ABUDHABI/UAE/0003750/2022|EPIISL17813930|2022-10-05|HA|4,2022/10/5
A/NewMexico/33/2022|EPIISL16385159|2022-11-01|HA|4,2022/11/1
A/BritishColumbia/251/2022|EPIISL16755735|2022-11-22|HA|4,2022/11/22
A/Estonia/171921/2022|EPIISL17223839|2022-11-29|HA|4,2022/11/29
A/England/225281197/2022|EPIISL16886876|2022-12-09|HA|4,2022/12/9
A/England/224320697/2022|EPIISL15888813|2022-10-20|HA|4,2022/10/20
A/Sichuan-Beichuanqiangzuzizhi/36/2023|EPIISL18069025|2023-02-24|HA|4,2023/2/24
A/Ceuta/230141/2022|EPIISL16914535|2022-12-19|HA|4,2022/12/19
A/England/225260241/2022|EPIISL16810456|2022-12-23|HA|4,2022/12/23
A/IledeFrance/56671/2022|EPIISL16201992|2022-11-28|HA|4,2022/11/28
A/Singapore/TT0203/2022|EPIISL16520262|2022-10-12|HA|4,2022/10/12
A/Rheinland-Pfalz/USAFSAM-13868/2022|EPIISL16920458|2022-12-22|HA|4,2022/12/22
A/Extremadura/4068/2022|EPIISL16054053|2022-10-17|HA|4,2022/10/17
A/Nordrhein-Westfalen/40/2022|EPIISL16087646|2022-10-13|HA|4,2022/10/13
A/Denmark/3136/2022|EPIISL16750983|2022-11-05|HA|4,2022/11/5
A/Norway/32389/2022|EPIISL15728516|2022-10-10|HA|4,2022/10/10
A/Japan/14146/2023|EPIISL17467390|2023-02-27|HA|4,2023/2/27
A/Zhejiang-Gongshu/11024/2022|EPIISL16559165|2022-10-13|HA|4,2022/10/13
A/France/PAC-HCL022218131701/2022|EPIISL17324369|2022-12-27|HA|4,2022/12/27
A/Netherlands/01926/2022|EPIISL16411871|2022-12-19|HA|4,2022/12/19
A/Poland/PL34/2022|EPIISL16759324|2022-12-20|HA|4,2022/12/20
A/Missouri/13751/2022|EPIISL16572626|2022-12-07|HA|4,2022/12/7
A/Iowa/79/2022|EPIISL16834397|2022-12-30|HA|4,2022/12/30
A/Michigan/HFHSL360239279/2022|EPIISL17804659|2022-12-10|HA|4,2022/12/10
A/Berlin/149/2022|EPIISL16087628|2022-10-06|HA|4,2022/10/6
A/Extremadura/531/2023|EPIISL17297320|2022-12-28|HA|4,2022/12/28
A/Switzerland/54601/2022|EPIISL16759983|2022-11-01|HA|4,2022/11/1
A/Catalonia/NSVH198263297/2022|EPIISL16459966|2022-12-29|HA|4,2022/12/29
A/Michigan/UOM10048995146/2022|EPIISL16872634|2022-12-21|HA|4,2022/12/21
A/Catalonia/NSGT198261038/2022|EPIISL17400171|2022-11-30|HA|4,2022/11/30
A/Norway/03431/2023|EPIISL17266696|2023-03-04|HA|4,2023/3/4
A/ROMANIA/545017/2023|EPIISL17069008|2023-01-12|HA|4,2023/1/12
A/Philippines/35/2022|EPIISL17306144|2022-11-09|HA|4,2022/11/9
A/Germany/13906/2022|EPIISL16744057|2022-12-28|HA|4,2022/12/28
A/Michigan/UOM-936795/2022|EPIISL18125302|2022-12-17|HA|4,2022/12/17
A/Jiangxi-Linchuan/1312/2023|EPIISL18068860|2023-03-16|HA|4,2023/3/16
A/Switzerland/16056/2022|EPIISL16681987|2022-12-19|HA|4,2022/12/19
A/Switzerland/85876/2022|EPIISL16759981|2022-11-14|HA|4,2022/11/14
A/Illinois/05/2023|EPIISL16834381|2023-01-08|HA|4,2023/1/8
A/Catalonia/NSVH198264300/2023|EPIISL16647400|2023-01-12|HA|4,2023/1/12
A/Lebanon/GIHSN-HCL023019034601/2022|EPIISL16868851|2022-11-13|HA|4,2022/11/13
A/Michigan/UOM10048791041/2022|EPIISL16872378|2022-12-08|HA|4,2022/12/8
A/NewYork/RVTNL6835155935323/2022|EPIISL16935709|2022-12-06|HA|4,2022/12/6
A/Gwangju/717/2023|EPIISL17150663|2023-02-06|HA|4,2023/2/6
A/England/225140745/2022|EPIISL17246620|2022-12-20|HA|4,2022/12/20
A/Catalonia/NSVH170117903/2022|EPIISL16459670|2022-12-28|HA|4,2022/12/28
A/Florida/09/2023|EPIISL17212768|2023-01-09|HA|4,2023/1/9
A/Switzerland/16443/2022|EPIISL16681988|2022-12-19|HA|4,2022/12/19
A/Michigan/UOM10048811525/2022|EPIISL16872509|2022-12-09|HA|4,2022/12/9
A/Michigan/UOM-10048486852/2022|EPIISL17634553|2022-11-18|HA|4,2022/11/18
A/ROMANIA/544438/2023|EPIISL17063749|2023-01-04|HA|4,2023/1/4
A/RhodeIsland/88/2022|EPIISL16834450|2022-12-22|HA|4,2022/12/22
A/Lisboa/680/2022|EPIISL16619088|2022-11-17|HA|4,2022/11/17
A/Michigan/UOM10048959795/2022|EPIISL17804668|2022-12-19|HA|4,2022/12/19
A/Sichuan-Jingyang/1493/2023|EPIISL18068864|2023-03-13|HA|4,2023/3/13
A/Michigan/26/2023|EPIISL17250807|2023-02-12|HA|4,2023/2/12
A/Lithuania/48625/2022|EPIISL16749934|2022-11-22|HA|4,2022/11/22
A/Lebanon/220/2022|EPIISL17981142|2022-12-13|HA|4,2022/12/13
A/Michigan/UOM10048833938/2022|EPIISL16872535|2022-12-12|HA|4,2022/12/12
A/CastillaLaMancha/3911/2022|EPIISL16052077|2022-10-02|HA|4,2022/10/2
A/Michigan/UOM-10048920122/2022|EPIISL18211391|2022-12-16|HA|4,2022/12/16
A/England/224960866/2022|EPIISL16749108|2022-11-29|HA|4,2022/11/29
A/Newfoundland/RV00885/2022|EPIISL16834709|2022-11-27|HA|4,2022/11/27
A/England/225280333/2022|EPIISL16811034|2022-12-28|HA|4,2022/12/28
A/Luga/RII-10727S/2023|EPIISL17672613|2023-01-27|HA|4,2023/1/27
A/France/ARA-HCL023008795501/2023|EPIISL16823107|2023-01-14|HA|4,2023/1/14
A/Hessen/123/2022|EPIISL17598176|2022-12-28|HA|4,2022/12/28
A/England/225280006/2022|EPIISL17246647|2022-12-28|HA|4,2022/12/28
A/Germany/13940/2022|EPIISL16744137|2022-12-09|HA|4,2022/12/9
A/PaisVasco/4011/2022|EPIISL16054101|2022-10-19|HA|4,2022/10/19
A/England/230200138/2023|EPIISL16886972|2023-01-05|HA|4,2023/1/5
A/CostaRica/INC-0028-788653/2023|EPIISL18137499|2023-03-24|HA|4,2023/3/24
A/BritishColumbia/PHL-235/2022|EPIISL16283364|2022-11-05|HA|4,2022/11/5
A/Chungbuk/96/2022|EPIISL16922220|2022-11-07|HA|4,2022/11/7
A/Norway/33371/2022|EPIISL16465187|2022-10-27|HA|4,2022/10/27
A/Ayutthaya/P3657/2022|EPIISL16608861|2022-10-10|HA|4,2022/10/10
A/Kyiv/464/2022|EPIISL16751048|2022-12-15|HA|4,2022/12/15
A/England/225140355/2022|EPIISL16810076|2022-12-19|HA|4,2022/12/19
A/Bhutan/2022/2022|EPIISL16834653|2022-10-27|HA|4,2022/10/27
A/Norway/33060/2022|EPIISL15728479|2022-10-27|HA|4,2022/10/27
A/Rheinland-Pfalz/USAFSAM-13494/2022|EPIISL16873291|2022-10-04|HA|4,2022/10/4
A/MIE/1/2022|EPIISL16717062|2022-11-28|HA|4,2022/11/28
A/Michigan/UOM10049005135/2022|EPIISL17804705|2022-12-21|HA|4,2022/12/21
A/Baltimore/JH-0649/2022|EPIISL16814811|2022-11-29|HA|4,2022/11/29
A/California/175/2022|EPIISL17100365|2022-11-28|HA|4,2022/11/28
A/Wisconsin/76/2022|EPIISL16198986|2022-11-09|HA|4,2022/11/9
A/England/224380530/2022|EPIISL15888891|2022-10-21|HA|4,2022/10/21
A/BritishColumbia/298/2022|EPIISL16755772|2022-12-06|HA|4,2022/12/6
A/France/ARA-HCL023020703901/2023|EPIISL17693406|2023-02-02|HA|4,2023/2/2
A/France/ARA-HCL022191017701/2022|EPIISL16311756|2022-11-15|HA|4,2022/11/15
A/Mississippi/57/2022|EPIISL16447123|2022-12-08|HA|4,2022/12/8
A/Gwangju/718/2023|EPIISL17150664|2023-02-07|HA|4,2023/2/7
A/Florida/10/2023|EPIISL17100683|2023-01-09|HA|4,2023/1/9
A/NewYork/34/2022|EPIISL16380123|2022-11-08|HA|4,2022/11/8
A/Michigan/UOM10049993329/2023|EPIISL17832893|2023-02-23|HA|4,2023/2/23
A/Hawaii/52/2022|EPIISL16834792|2022-10-28|HA|4,2022/10/28
A/Estonia/KL7045/2022|EPIISL17049186|2022-12-12|HA|4,2022/12/12
A/Melilla/4117/2022|EPIISL16054073|2022-10-28|HA|4,2022/10/28
A/England/225000776/2022|EPIISL16749129|2022-12-06|HA|4,2022/12/6
A/BritishColumbia/PHL-179/2022|EPIISL16283356|2022-11-05|HA|4,2022/11/5
A/Ireland/65707/2022|EPIISL16750044|2022-10-17|HA|4,2022/10/17
A/Dowlais/7270/2022|EPIISL15839839|2022-11-01|HA|4,2022/11/1
A/Catalonia/NSVH161513271/2022|EPIISL16460166|2022-12-28|HA|4,2022/12/28
A/Catalonia/NSVH101994771/2023|EPIISL16647251|2023-01-09|HA|4,2023/1/9
A/England/224820673/2022|EPIISL16652577|2022-11-24|HA|4,2022/11/24
A/England/224940820/2022|EPIISL16658251|2022-11-30|HA|4,2022/11/30
A/Connecticut/IVYD13J60N5/2022|EPIISL17018944|2022-11-29|HA|4,2022/11/29
A/Valencia/VAHNSI-GIHSN-073689/2023|EPIISL16740069|2023-01-02|HA|4,2023/1/2
A/Guatemala/187/2023|EPIISL17699912|2023-03-01|HA|4,2023/3/1
A/Michigan/HFHSL360168294/2022|EPIISL16872279|2022-12-07|HA|4,2022/12/7
A/Baltimore/JH-0792/2022|EPIISL16766426|2022-12-03|HA|4,2022/12/3
A/Netherlands/10188/2023|EPIISL16867377|2023-01-30|HA|4,2023/1/30
A/England/230120134/2022|EPIISL16886889|2022-12-29|HA|4,2022/12/29
A/France/ARA-HCL023024366701/2023|EPIISL17693541|2023-02-05|HA|4,2023/2/5
A/Baltimore/JH-0470/2022|EPIISL15806331|2022-10-31|HA|4,2022/10/31
A/Netherlands/12108/2022|EPIISL16494763|2022-12-23|HA|4,2022/12/23
A/England/225281111/2022|EPIISL16886863|2022-12-28|HA|4,2022/12/28
A/Quebec/014/2022|EPIISL16755652|2022-11-14|HA|4,2022/11/14
A/Michigan/UOM10048586038/2022|EPIISL16869572|2022-11-27|HA|4,2022/11/27
A/England/225000941/2022|EPIISL16664296|2022-12-08|HA|4,2022/12/8
A/England/231280359/2022|EPIISL18010622|2022-12-15|HA|4,2022/12/15
A/Catalonia/NSVH101994491/2023|EPIISL16647266|2023-01-09|HA|4,2023/1/9
A/Poland/PL07-2/2022|EPIISL16759930|2022-12-07|HA|4,2022/12/7
A/Catalonia/NSVH198262912/2022|EPIISL16460109|2022-12-23|HA|4,2022/12/23
A/Baltimore/JH-0612/2022|EPIISL16766252|2022-10-31|HA|4,2022/10/31
A/Michigan/MISAPPHIREL364077968/2023|EPIISL18103997|2023-04-04|HA|4,2023/4/4
A/Washington/66184/2022|EPIISL16868585|2022-12-01|HA|4,2022/12/1
A/Norway/3891/2023|EPIISL18044465|2023-03-08|HA|4,2023/3/8
A/Hebei-Hanshan/12173/2022|EPIISL16559108|2022-11-21|HA|4,2022/11/21
A/Michigan/HFHSL360235832/2022|EPIISL16935774|2022-12-10|HA|4,2022/12/10
A/England/225280287/2022|EPIISL16811021|2022-12-22|HA|4,2022/12/22
A/Shandong-Lanshan/1450/2023|EPIISL18068505|2023-03-29|HA|4,2023/3/29
A/Michigan/UOM10049003222/2022|EPIISL16872645|2022-12-21|HA|4,2022/12/21
A/Denmark/429/2023|EPIISL17190203|2023-01-30|HA|4,2023/1/30
A/Michigan/HFHSL360281961/2022|EPIISL17804726|2022-12-12|HA|4,2022/12/12
A/Macedonia/133/2023|EPIISL17820173|2023-01-09|HA|4,2023/1/9
A/Michigan/UOM10048875305/2022|EPIISL17551729|2022-12-14|HA|4,2022/12/14
A/Georgia/2337/2022|EPIISL18127199|2022-12-01|HA|4,2022/12/1
A/Neimenggu-Erlianhaote/187/2023|EPIISL17465777|2023-01-28|HA|4,2023/1/28
A/Washington/USAFSAM-14024/2022|EPIISL16920532|2022-12-14|HA|4,2022/12/14
A/Michigan/HFHSL361017481/2023|EPIISL17832941|2023-01-02|HA|4,2023/1/2
A/India/Pun-NIVCOV2225304/Nov2022|EPIISL16970424|2022-11-28|HA|4,2022/11/28
A/Norway/01234/2022|EPIISL16855845|2023-01-17|HA|4,2023/1/17
A/RhodeIsland/57/2022|EPIISL16380128|2022-11-05|HA|4,2022/11/5
A/Thueringen/1/2023|EPIISL17780415|2023-01-03|HA|4,2023/1/3
A/Minnesota/17/2023|EPIISL17212811|2023-02-08|HA|4,2023/2/8
A/IledeFrance/56928/2022|EPIISL16680829|2022-11-28|HA|4,2022/11/28
A/Saskatchewan/SKFLU277505/2023|EPIISL16816929|2022-11-14|HA|4,2022/11/14
A/Baltimore/JH-0766/2022|EPIISL16766403|2022-12-11|HA|4,2022/12/11
A/Iowa/51/2022|EPIISL16446993|2022-11-23|HA|4,2022/11/23
A/Bangkok/P4201/2022|EPIISL16645142|2022-11-25|HA|4,2022/11/25
A/Darwin/9/2021|EPIISL16998754|2021-04-17|HA|4,2021/4/17
A/Darwin/6/2021|EPIISL17832065|2021-03-16|HA|4,2021/3/16
A/Arsal/5773/2021|EPIISL6075498|2021-09-13|HA|4,2021/9/13
A/Parma/21/2020|EPIISL486735|2020-02-05,2020/2/5
A/Grenoble/2789/2020|EPIISL984703|2020-10-21,2020/10/21
A/Philippines/1/2021|EPIISL3836431|2021-05-14,2021/5/14
A/Stockholm/9/2021|EPIISL9402237|2021-09-06,2021/9/6
A/Stockholm/9/2021|EPIISL5743017|2021-09-06,2021/9/6
A/California/183/2019|EPIISL397002|2019-10-24,2019/10/24
A/Connecticut/17/2020|EPIISL424742|2020-03-02,2020/3/2
A/Louisiana/07/2020|EPIISL413740|2020-01-22,2020/1/22
A/Massachusetts/06/2020|EPIISL412175|2020-01-29,2020/1/29
A/Delaware/15/2020|EPIISL415752|2020-02-18,2020/2/18
A/Utah/17/2020|EPIISL449740|2020-03-07,2020/3/7
A/Illinois/10/2020|EPIISL455797|2020-03-03,2020/3/3
A/Maryland/15/2020|EPIISL415781|2020-01-26,2020/1/26
A/Minnesota/24/2020|EPIISL449732|2020-03-24,2020/3/24
A/Paris/2554/2019|EPIISL594226|2019-11-25,2019/11/25
A/Bahrain/808/2019|EPIISL412137|2019-12-03,2019/12/3
A/Bahrain/885/2019|EPIISL491770|2019-12-25,2019/12/25
A/Beijing-Miyun/51/2020|EPIISL528884|2020-01-08,2020/1/8
A/Beijing-Miyun/53/2020|EPIISL528886|2020-01-09,2020/1/9
A/Schleswig-Holstein/10/2020|EPIISL481462|2020-03-02,2020/3/2
A/Oklahoma/01/2021|EPIISL4373562|2021-07-06,2021/7/6
A/Lyon/1619/2020|EPIISL671410|2020-02-27,2020/2/27
A/Newport/9366/2019|EPIISL400523|2019-12-04,2019/12/4
A/Guangdong-Gaoming/31/2019|EPIISL485555|2019-12-13,2019/12/13
A/Tianjin-Binhaixin/3315/2019|EPIISL410666|2019-12-16,2019/12/16
A/Beijing-Miyun/54/2020|EPIISL485909|2020-01-02,2020/1/2
A/Grenoble/2789/2020oct|EPIISL707784|2020-10-21,2020/10/21
A/Human/NewYorkCity/PV11474/2020|EPIISL4056255|2020-10-04,2020/10/4
A/ROUEN/41245/2021|EPIISL11323844|2021-11-15,2021/11/15
A/England/215280755/2021|EPIISL9383908|2021-12-22,2021/12/22
A/Oman/4837/2021|EPIISL5983972|2021-09-05,2021/9/5
A/Oman/2641/2021|EPIISL5983954|2021-07-25,2021/7/25
A/Salalah/72124837/2021|EPIISL9401983|2021-09-05,2021/9/5
A/Philippines/8/2021|EPIISL3950047|2021-07-13,2021/7/13
A/RhodeIsland/18/2020|EPIISL416807|2020-02-17,2020/2/17
A/California/15/2020|EPIISL412157|2020-01-15,2020/1/15
A/California/52/2020|EPIISL430754|2020-03-09,2020/3/9
A/Bangladesh/18-1005/2019|EPIISL491803|2019-10-06,2019/10/6
A/California/205/2019|EPIISL400008|2019-11-17,2019/11/17
A/Georgia/03/2020|EPIISL416805|2020-01-27,2020/1/27
A/Taiwan/83763/2019|EPIISL424766|2019-12-10,2019/12/10
A/Wisconsin/43/2020|EPIISL416762|2020-02-19,2020/2/19
A/Wakayama/118/2019|EPIISL517684|2019-12-13,2019/12/13
A/Pennsylvania/14/2020|EPIISL416806|2020-02-19,2020/2/19
A/Maine/42/2019|EPIISL404757|2019-12-09,2019/12/9
A/Maryland/19/2020|EPIISL424743|2020-03-09,2020/3/9
A/Human/Moscow/18/2020|EPIISL419382|2020-01-22,2020/1/22
A/Laos/546/2020|EPIISL717649|2020-02-10,2020/2/10
A/Iowa/05/2020|EPIISL410727|2020-01-14,2020/1/14
A/Hawaii/01/2020|EPIISL412179|2020-01-05,2020/1/5
A/Vermont/25/2019|EPIISL398857|2019-10-01,2019/10/1
A/Denmark/3275/2019|EPIISL400749|2019-11-06,2019/11/6
A/Denmark/221/2020|EPIISL407941|2020-01-13,2020/1/13
A/Denmark/220/2020|EPIISL407960|2020-01-13,2020/1/13
A/Denmark/244/2020|EPIISL407955|2020-01-15,2020/1/15
A/Philippines/38/2019|EPIISL406825|2019-10-22,2019/10/22
A/Philippines/30/2019|EPIISL406706|2019-10-08,2019/10/8
A/Mississippi/41/2019|EPIISL410770|2019-12-31,2019/12/31
A/AbuDhabi/097/2019|EPIISL404587|2019-11-26,2019/11/26
A/Pennsylvania/03/2020|EPIISL410750|2020-01-16,2020/1/16
A/Laos/3368/2019|EPIISL418561|2019-11-11,2019/11/11
A/Laos/426/2020|EPIISL766792|2020-02-03,2020/2/3
A/Massachusetts/01/2021|EPIISL6306620|2021-10-08,2021/10/8
A/Maryland/09/2020|EPIISL410746|2020-01-15,2020/1/15
A/Pakistan/275/2019|EPIISL416801|2019-12-29,2019/12/29
A/Netherlands/00016/2020|EPIISL406847|2020-01-02,2020/1/2
A/Russia/74V/2020|EPIISL429849|2020-01-06,2020/1/6
A/Saint-Petersburg/RII-657S/2019|EPIISL402952|2019-12-25,2019/12/25
A/Saint-Petersburg/RII-4251S/2020|EPIISL471386|2020-03-23,2020/3/23
A/Saint-Petersburg/RII-2081S/2020|EPIISL419111|2020-02-11,2020/2/11
A/Saint-Petersburg/RII-3387S/2020|EPIISL471284|2020-03-11,2020/3/11
A/Anhui-Jinghu/346/2019|EPIISL410592|2019-12-03,2019/12/3
A/Hebei-Sanhe/3148/2019|EPIISL410650|2019-11-25,2019/11/25
A/Hunan-Yongding/11244/2019|EPIISL410658|2019-12-20,2019/12/20
A/Hunan-Lusong/1986/2019|EPIISL402223|2019-12-02,2019/12/2
A/Shaanxi-Lianhu/1474/2019|EPIISL410695|2019-10-29,2019/10/29
A/Sichuan-Kangding/1357/2019|EPIISL485460|2019-12-25,2019/12/25
A/Sichuan-Kangding/1283/2019|EPIISL410674|2019-11-17,2019/11/17
A/Xinjiang-Kuerle/1595/2019|EPIISL402227|2019-11-26,2019/11/26
A/Xinjiang-Hutubi/1599/2019|EPIISL402264|2019-11-28,2019/11/28
A/Qinghai-Chengzhong/14/2020|EPIISL410611|2020-01-02,2020/1/2
A/Liaoning-Yuhong/358/2019|EPIISL410692|2019-11-22,2019/11/22
A/France/IHUMIInfluenzaAH3N2genome606784/2021|EPIISL6795391|2021-07-01,2021/7/1
A/Marseille/0486/2021aug|EPIISL5135311|2021-08-23,2021/8/23
A/NewYork/49/2019|EPIISL400848|2019-10-28,2019/10/28
A/Nicaragua/3204/2019|EPIISL398808|2019-10-07,2019/10/7
A/Baden-Wuerttemberg/310/2019|EPIISL401784|2019-10-16,2019/10/16
A/Bremen/24/2019|EPIISL401782|2019-10-02,2019/10/2
A/Austria/1204623/2019|EPIISL409943|2019-12-02,2019/12/2
A/Centre/2559/2019|EPIISL400343|2019-11-25,2019/11/25
A/Alberta/113/2019|EPIISL411515|2019-12-30,2019/12/30
A/Denmark/3292/2019|EPIISL406278|2019-11-13,2019/11/13
A/Jilin-Dongchang/1574/2019|EPIISL411129|2019-12-09,2019/12/9
A/YOKOHAMA/224/2019|EPIISL684048|2019-11-18,2019/11/18
A/KANAGAWA/AC1927/2019|EPIISL405857|2019-12-23,2019/12/23
A/Finland/172/2020|EPIISL466926|2020-01-01,2020/1/1
A/Finland/135/2019|EPIISL399947|2019-10-25,2019/10/25
A/SAITAMA/203/2019|EPIISL405852|2019-11-01,2019/11/1
A/England/94540758/2019|EPIISL401559|2019-10-25,2019/10/25
A/Delaware/39/2019|EPIISL393677|2019-05-28,2019/5/28
A/Darwin/726/2019|EPIISL412025|2019-10-03,2019/10/3
A/HongKong/2671/2019|EPIISL412381|2019-06-17,2019/6/17
A/HongKong/4436/2019|EPIISL406302|2019-12-01,2019/12/1
A/HongKong/4435/2019|EPIISL406301|2019-11-29,2019/11/29
A/AbuDhabi/413000/2020|EPIISL3372559|2021-02-10,2021/2/10
A/SouthKorea/11230/2020|EPIISL414845|2020-01-07,2020/1/7
A/Hungary/10/2020|EPIISL407149|2020-01-13,2020/1/13
A/KANAGAWA/ZC1907/2019|EPIISL400553|2019-11-01,2019/11/1
A/OSAKA/105/2019|EPIISL414388|2019-12-03,2019/12/3
A/Kyrgzstan/166/2019|EPIISL407497|2019-12-16,2019/12/16
A/KyrgyzstanBishkek/65/2020|EPIISL477557|2020-02-02,2020/2/2
A/Kyrgzstan/91/2019|EPIISL407509|2019-12-05,2019/12/5
A/Kyrgzstan/136/2019|EPIISL407492|2019-12-02,2019/12/2
A/Cambodia/FSS42911/2020|EPIISL514677|2020-03-12,2020/3/12
A/ChiangMai/51/2020|EPIISL644653|2020-01-31,2020/1/31
A/GUNMA/36/2020|EPIISL684053|2020-01-28,2020/1/28
A/Pennsylvania/1026/2019|EPIISL462752|2019-11-04,2019/11/4
A/Singapore/TT0882/2019|EPIISL401468|2019-11-13,2019/11/13
A/HongKong/45/2019|EPIISL390308|2018-12-24,2018/12/24
A/Malaysia/12156400/2020|EPIISL528755|2020-01-08,2020/1/8
A/Mayotte/517/2021|EPIISL9401950|2021-09-11,2021/9/11
A/Mayotte/567/2021|EPIISL9401945|2021-09-26,2021/9/26
A/Mayotte/508/21|EPIISL9401953|2021-09-18,2021/9/18
A/Armenia/19/2022|EPIISL9842647|2022-01-05,2022/1/5
A/Heilongjiang-Jiguan/1222/2020|EPIISL485412|2020-03-16,2020/3/16
A/Alaska/232/2015|EPIISL240112|2015-09-09,2015/9/9
A/Canberra/7/2016|EPIISL289136|2016-04-10,2016/4/10
A/Ontario/RV2414/2015|EPIISL215796|2015-11-12,2015/11/12
A/Antananarivo/1067/2016|EPIISL300261|2016-04-05,2016/4/5
A/Newcastle/30/2016|EPIISL289135|2016-03-29,2016/3/29
A/SouthAustralia/135/2016|EPIISL311693|2016-10-01,2016/10/1
A/Singapore/INFIMH-16-0019/2016|EPIISL330262|2016-06-14,2016/6/14
A/Arizona/67/2016|EPIISL287721|2016-05-04,2016/5/4
A/Washington/106/2016|EPIISL296169|2016-12-18,2016/12/18
A/Florida/23/2017|EPIISL270166|2017-03-23,2017/3/23
A/Singapore/TT0555/2017|EPIISL269771|2017-05-12,2017/5/12
A/SouthCarolina/04/2017|EPIISL284135|2017-01-17,2017/1/17
A/YOKOHAMA/145/2017|EPIISL288989|2017-09-28,2017/9/28
A/Sydney/22/2018|EPIISL396647|2018-03-03,2018/3/3
A/NAGANO/2731/2017|EPIISL306954|2017-11-28,2017/11/28
A/Victoria/653/2017|EPIISL289943|2017-08-10,2017/8/10
A/Wisconsin/327/2017|EPIISL290860|2017-09-22,2017/9/22
A/AbuDhabi/240/2018|EPIISL338293|2018-01-01,2018/1/1
A/LaRioja/2202/2018|EPIISL314925|2018-04-02,2018/4/2
A/HongKong/2286/2017|EPIISL298548|2017-01-01,2017/1/1
A/Alaska/240/2015|EPIISL226836|2015-09-15,2015/9/15
A/Montana/28/2015|EPIISL223311|2015-09-24,2015/9/24
A/Nebraska/19/2015|EPIISL226837|2015-10-23,2015/10/23
A/SAPPORO/71/2015|EPIISL210374|2015-12-15,2015/12/15
A/Wisconsin/66/2015|EPIISL197279|2015-04-21,2015/4/21
A/California/179/2016|EPIISL273709|2016-12-03,2016/12/3
A/Maryland/23/2016|EPIISL253057|2016-11-26,2016/11/26
A/Singapore/TT1374/2016|EPIISL277146|2016-01-12,2016/1/12
A/Brisbane/321/2016|EPIISL275804|2016-01-01,2016/1/1
A/Nebraska/02/2017|EPIISL248141|2017-01-10,2017/1/10
A/Peru/3817/2017|EPIISL311632|2017-12-07,2017/12/7
A/Washington/16/2017|EPIISL275706|2017-01-25,2017/1/25
A/Brisbane/117/2018|EPIISL396195|2018-07-27,2018/7/27
A/Brisbane/318/2016|EPIISL269294|2016-12-12,2016/12/12
A/Brisbane/01/2018|EPIISL313657|2018-01-02,2018/1/2
A/HongKong/656/2018|EPIISL312267|2018-04-07,2018/4/7
A/NewMexico/14/2018|EPIISL311694|2018-02-23,2018/2/23
A/Switzerland/8060/2017|EPIISL331821|2017-12-21,2017/12/21
A/Bretagne/1413/2017|EPIISL283128|2017-10-09,2017/10/9
A/Delaware/32/2016|EPIISL277143|2016-11-15,2016/11/15
A/Minnesota/59/2019|EPIISL400865|2019-11-13,2019/11/13
A/Haiti/70008/2019|EPIISL413730|2019-10-24,2019/10/24
A/Tennessee/21/2020|EPIISL412166|2020-01-28,2020/1/28
A/Haiti/70094/2019|EPIISL413728|2019-10-24,2019/10/24
A/Bahrain/805/2019|EPIISL412138|2019-12-02,2019/12/2
A/Mississippi/29/2019|EPIISL397011|2019-10-15,2019/10/15
A/Delaware/49/2019|EPIISL400842|2019-10-22,2019/10/22
A/NewYork/47/2019|EPIISL400798|2019-10-05,2019/10/5
A/Pakistan/228/2019|EPIISL418571|2019-12-23,2019/12/23
A/Iowa/68/2019|EPIISL402724|2019-12-12,2019/12/12
A/Texas/416/2019|EPIISL2557744|2019-11-18,2019/11/18
A/NewYork/57/2019|EPIISL404558|2019-12-10,2019/12/10
A/Jamaica/30235/2019|EPIISL400864|2019-11-13,2019/11/13
A/Colorado/44/2019|EPIISL402412|2019-11-27,2019/11/27
A/Jamaica/2929/2019|EPIISL400872|2019-11-21,2019/11/21
A/Laos/1747/2020|EPIISL766821|2020-09-21,2020/9/21
A/Laos/1746/2020|EPIISL766831|2020-09-20,2020/9/20
A/Laos/1749/2020|EPIISL766822|2020-09-23,2020/9/23
A/Laos/1744/2020|EPIISL766838|2020-09-18,2020/9/18
A/Laos/527/2021|EPIISL2245462|2021-02-16,2021/2/16
A/Laos/1421/2021|EPIISL5327610|2021-04-12,2021/4/12
A/Laos/1360/2021|EPIISL5327625|2021-04-05,2021/4/5
A/Laos/1039/2021|EPIISL5327612|2021-03-22,2021/3/22
A/Laos/924/2021|EPIISL5327628|2021-03-10,2021/3/10
A/Laos/924/2021|EPIISL5327607|2021-03-10,2021/3/10
A/Vietnam/Vnhcm-Gs520/2020|EPIISL1064144|2020-10-22,2020/10/22
A/Vietnam/Vnhcm-Gs520/2020|EPIISL1296353|2020-10-22,2020/10/22
A/Laos/1072/2021|EPIISL5327627|2021-03-24,2021/3/24
A/Laos/1072/2021|EPIISL5327608|2021-03-24,2021/3/24
A/Vietnam/Vnhcm-Gs508/2020|EPIISL1296359|2020-10-22,2020/10/22
A/Cambodia/E0826360/2020|EPIISL1296487|2020-07-16,2020/7/16
A/Vietnam/Vnhcm-Gs483/2020|EPIISL1064135|2020-10-09,2020/10/9
A/Vietnam/Vnhcm-Gs538/2020|EPIISL1064131|2020-10-29,2020/10/29
A/Vietnam/Vnhcm-Gs498/2020|EPIISL1064142|2020-10-14,2020/10/14
A/Laos/580/2021|EPIISL2245465|2021-02-21,2021/2/21
A/Laos/799/2021|EPIISL2245459|2021-03-01,2021/3/1
A/Laos/1424/2021|EPIISL5327620|2021-04-12,2021/4/12
A/Laos/1424/2021|EPIISL5984059|2021-04-12,2021/4/12
A/Laos/1293/2021|EPIISL5327613|2021-04-01,2021/4/1
A/Thailand/5/2021|EPIISL5327624|2021-06-24,2021/6/24
A/Thailand/5/2021|EPIISL5984007|2021-06-24,2021/6/24
A/Thailand/3/2021|EPIISL5327615|2021-06-24,2021/6/24
A/Thailand/3/2021|EPIISL5984033|2021-06-24,2021/6/24
A/Thailand/12/2021|EPIISL5327616|2021-06-24,2021/6/24
A/Thailand/10/2021|EPIISL5327621|2021-06-24,2021/6/24
A/Vietnam/Vnhcm-Gs535/2019|EPIISL1296306|2019-10-24,2019/10/24
A/California/55/2020|EPIISL717646|2020-10-12,2020/10/12
A/Laos/766/2021|EPIISL2245460|2021-03-02,2021/3/2
A/Laos/504/2021|EPIISL2245463|2021-02-16,2021/2/16
A/Laos/1125/2021|EPIISL5327617|2021-03-23,2021/3/23
A/Ayutthaya/56/2020|EPIISL1296342|2020-11-09,2020/11/9
A/Ayutthaya/56/2020|EPIISL1367581|2020-11-09,2020/11/9
A/Cambodia/981/2020|EPIISL1296362|2020-09-15,2020/9/15
A/Bangkok/57/2020|EPIISL1296363|2020-11-10,2020/11/10
A/Bangkok/57/2020|EPIISL1367580|2020-11-10,2020/11/10
A/Laos/941/2021|EPIISL5327614|2021-03-17,2021/3/17
A/Cambodia/1189/2020|EPIISL1455651|2020-10-08,2020/10/8
A/Cambodia/1167/2020|EPIISL1455650|2020-10-08,2020/10/8
A/Cambodia/1180/2020|EPIISL1455652|2020-10-08,2020/10/8
A/Cambodia/1171/2020|EPIISL1455654|2020-10-08,2020/10/8
A/Bangkok/59/2020|EPIISL1367579|2020-11-11,2020/11/11
A/Bangkok/59/2020|EPIISL1296328|2020-11-11,2020/11/11
A/Bangkok/62/2020|EPIISL1367582|2020-11-11,2020/11/11
A/Ayutthaya/61/2020|EPIISL1296327|2020-11-10,2020/11/10
A/Ayutthaya/60/2020|EPIISL1367568|2020-11-10,2020/11/10
A/Laos/1218/2021|EPIISL5983995|2021-03-29,2021/3/29
A/Laos/1218/2021|EPIISL5327626|2021-03-29,2021/3/29
A/Vietnam/Vnhcm-Gs653/2019|EPIISL1296346|2019-12-24,2019/12/24
A/Vietnam/Vnhcm-Gs653/2019|EPIISL1296302|2019-12-24,2019/12/24
A/Vietnam/Vnhcm-Gs507/2020|EPIISL1064141|2020-10-21,2020/10/21
A/Thailand/8/2021|EPIISL4197191|2021-06-18,2021/6/18
A/Bangkok/58/2020|EPIISL1367583|2020-11-10,2020/11/10
A/Bangkok/58/2020|EPIISL1296340|2020-11-10,2020/11/10
A/Cambodia/e0908377/2020|EPIISL536569|2020-07-29,2020/7/29
A/Cambodia/nC73301/2020|EPIISL710458|2020-09-14,2020/9/14
A/Cambodia/20080717/2020|EPIISL534310|2020-08-18,2020/8/18
A/YAMAGATA/1/2021|EPIISL1386235|2021-02-09,2021/2/9
A/YAMAGATA/1/2021|EPIISL3162307|2021-02-09,2021/2/9
A/YAMAGATA/2/2021|EPIISL3162308|2021-02-09,2021/2/9
A/Laos/F1221/2021|EPIISL4221807|2021-03-29,2021/3/29
A/Laos/F1221/2021|EPIISL4221811|2021-03-29,2021/3/29
A/Laos/F0993/2021|EPIISL4221802|2021-03-15,2021/3/15
A/Laos/F0826/2021|EPIISL4221796|2021-03-09,2021/3/9
A/Laos/F0993/2021|EPIISL4221801|2021-03-15,2021/3/15
A/Laos/F1071/2021|EPIISL4221805|2021-03-23,2021/3/23
A/Laos/F1071/2021|EPIISL4221806|2021-03-23,2021/3/23
A/Laos/F1343/2021|EPIISL4221815|2021-04-05,2021/4/5
A/Cambodia/nC80628/2020|EPIISL710460|2020-09-24,2020/9/24
A/Thailand/4/2021|EPIISL5933269|2021-06-18,2021/6/18
A/Cambodia/E0826360/2020|EPIISL1367566|2020-07-16,2020/7/16
A/Laos/F1040/2021|EPIISL4221804|2021-03-22,2021/3/22
A/Laos/F0971/2021|EPIISL4221800|2021-03-18,2021/3/18
A/Laos/F1384/2021|EPIISL4221817|2021-04-08,2021/4/8
A/Thailand/7/2021|EPIISL4760584|2021-06-18,2021/6/18
A/Cambodia/e1009251/2020|EPIISL944641|2020-10-08,2020/10/8
A/MIYAGI/1/2021|EPIISL2932448|2021-03-02,2021/3/2
A/MIYAGI/2/2021|EPIISL2932450|2021-03-02,2021/3/2
A/MIYAGI/2/2021|EPIISL2932451|2021-03-02,2021/3/2
A/Texas/10921/2019|EPIISL414206|2019-12-09,2019/12/9
A/Netherlands/10259/2019|EPIISL416278|2019-10-31,2019/10/31
A/AlBuraymi/6055/2019|EPIISL401529|2019-10-07,2019/10/7
A/Iran/189177/2019|EPIISL403278|2019-11-03,2019/11/3
A/England/94540759/2019|EPIISL401560|2019-10-25,2019/10/25
A/Qatar/10-VI-19-0062853/2019|EPIISL406195|2019-10-18,2019/10/18
A/Athens.GR/1952/2019|EPIISL407445|2019-11-22,2019/11/22
A/Sur/6859/2019|EPIISL401623|2019-10-26,2019/10/26
A/Sweden/1/2020|EPIISL412388|2020-01-03,2020/1/3
A/Georgia/1275/2019|EPIISL407474|2019-12-27,2019/12/27
A/Qatar/47-VI-19-0066945/2019|EPIISL406213|2019-10-30,2019/10/30
A/Qatar/34-VI-19-0070454/2019|EPIISL406205|2019-11-10,2019/11/10
A/Norway/2320/2020|EPIISL500746|2020-03-24,2020/3/24
A/Singapore/TT0942/2019|EPIISL401491|2019-11-27,2019/11/27
A/Quebec/166/2019|EPIISL411539|2019-12-05,2019/12/5
A/Qatar/16-VI-19-0049409/2019|EPIISL529133|2019-08-27,2019/8/27
A/Norway/2297/2019|EPIISL397282|2019-10-12,2019/10/12
A/Norway/2428/2019|EPIISL403335|2019-11-03,2019/11/3
A/CzechRepublic/1501/2019|EPIISL405411|2019-11-28,2019/11/28
A/Saint-Petersburg/RII-653S/2019|EPIISL403969|2019-12-23,2019/12/23
A/Fujian-Xinluo/1684/2020|EPIISL522425|2020-04-15,2020/4/15
A/Florida/110/2019|EPIISL397205|2019-10-02,2019/10/2
A/Wisconsin/576/2019|EPIISL398321|2019-10-31,2019/10/31
A/Mississippi/32/2019|EPIISL400014|2019-11-19,2019/11/19
A/Texas/398/2019|EPIISL401005|2019-11-14,2019/11/14
A/Louisiana/48/2019|EPIISL400000|2019-11-06,2019/11/6
A/Indiana/46/2019|EPIISL409362|2019-12-14,2019/12/14
A/Maine/36/2019|EPIISL400854|2019-11-01,2019/11/1
A/Florida/143/2019|EPIISL412131|2019-12-30,2019/12/30
A/Florida/119/2019|EPIISL398796|2019-10-21,2019/10/21
A/Idaho/46/2019|EPIISL402487|2019-12-07,2019/12/7
A/Maryland/36/2019|EPIISL400821|2019-10-13,2019/10/13
A/Montana/56/2019|EPIISL401002|2019-11-14,2019/11/14
A/Florida/139/2019|EPIISL491828|2019-12-13,2019/12/13
A/California/200/2019|EPIISL409111|2019-10-31,2019/10/31
A/California/33/2020|EPIISL415768|2020-02-08,2020/2/8
A/Nevada/49/2019|EPIISL409376|2019-12-30,2019/12/30
A/Michigan/457/2019|EPIISL402518|2019-10-01,2019/10/1
A/Iowa/52/2019|EPIISL402449|2019-10-15,2019/10/15
A/Wisconsin/569/2019|EPIISL397015|2019-10-07,2019/10/7
A/Illinois/08/2020|EPIISL455801|2020-02-21,2020/2/21
A/Illinois/08/2020|EPIISL455796|2020-02-21,2020/2/21
A/Florida/127/2019|EPIISL404749|2019-11-21,2019/11/21
A/Michigan/483/2019|EPIISL413268|2019-12-25,2019/12/25
A/Montana/69/2019|EPIISL409104|2019-12-27,2019/12/27
A/Nonthaburi/75/2020|EPIISL1296341|2020-01-15,2020/1/15
A/Texas/394/2019|EPIISL398777|2019-10-21,2019/10/21
A/Pennsylvania/1024/2019|EPIISL402777|2019-10-22,2019/10/22
A/Pennsylvania/1029/2019|EPIISL400880|2019-11-27,2019/11/27
A/Laos/3145/2019|EPIISL418559|2019-10-29,2019/10/29
A/Laos/0446/2020|EPIISL717643|2020-02-02,2020/2/2
A/Washington/664/2019|EPIISL400004|2019-11-08,2019/11/8
A/Maryland/35/2019|EPIISL397171|2019-10-10,2019/10/10
A/Maryland/35/2019|EPIISL400814|2019-10-10,2019/10/10
A/NewJersey/42/2019|EPIISL491774|2019-12-02,2019/12/2
A/Maine/01/2020|EPIISL405731|2020-01-03,2020/1/3
A/Arizona/08/2020|EPIISL416765|2020-02-17,2020/2/17
A/Idaho/52/2019|EPIISL449736|2019-12-25,2019/12/25
A/Montana/63/2019|EPIISL402459|2019-12-09,2019/12/9
A/CzechRepublic/139/2020|EPIISL435295|2020-01-20,2020/1/20
A/Aberdare/6417/2019|EPIISL398668|2019-11-19,2019/11/19
A/Saint-Petersburg/RII-3057S/2020|EPIISL419087|2020-03-03,2020/3/3
A/Quebec/002/2020|EPIISL411579|2020-01-02,2020/1/2
A/Quebec/165/2019|EPIISL411538|2019-12-07,2019/12/7
A/Quebec/185/2019|EPIISL411569|2019-12-12,2019/12/12
A/Alberta/001/2020|EPIISL411552|2020-01-07,2020/1/7
A/NewYork/9890/2019|EPIISL403098|2019-10-11,2019/10/11
A/Ireland/79856/2019|EPIISL426206|2019-10-03,2019/10/3
A/Stockholm/31/2019|EPIISL396435|2019-10-14,2019/10/14
A/Stockholm/32/2019|EPIISL406323|2019-10-14,2019/10/14
A/Brest/2522/2019|EPIISL400340|2019-11-18,2019/11/18
A/FriuliVeneziaGiulia/233/2019|EPIISL416221|2019-11-28,2019/11/28
A/England/200420382/2019|EPIISL480533|2019-12-24,2019/12/24
A/England/194980826/2019|EPIISL408349|2019-11-29,2019/11/29
A/England/200181132/2019|EPIISL487030|2019-12-23,2019/12/23
A/England/200181207/2019|EPIISL487055|2019-12-27,2019/12/27
A/England/200120622/2019|EPIISL470948|2019-12-30,2019/12/30
A/England/200200175/2020|EPIISL480484|2020-01-02,2020/1/2
A/Hawaii/42/2019|EPIISL398940|2019-05-28,2019/5/28
A/HongKong/701/2020|EPIISL732326|2020-03-10,2020/3/10
A/Linkoping/19/2019|EPIISL404256|2019-12-17,2019/12/17
A/Quebec/198/2019|EPIISL411576|2019-12-19,2019/12/19
A/BritishColumbia/019/2020|EPIISL411568|2020-01-14,2020/1/14
A/England/11499/2020|EPIISL427853|2020-01-22,2020/1/22
A/England/194740483/2019|EPIISL408042|2019-11-18,2019/11/18
A/Halmstad/2/2020|EPIISL413685|2020-02-16,2020/2/16
A/Valencia/10142220200217|EPIISL414493|2020-02-17,2020/2/17
A/Catalonia/3511932NS/2020|EPIISL412057|2019-12-05,2019/12/5
A/HongKong/2678/2019|EPIISL377308|2019-06-18,2019/6/18
A/Iowa/60/2018|EPIISL397259|2018-10-17,2018/10/17
A/Newcastle/82/2018|EPIISL413290|2018-12-23,2018/12/23
A/SouthAustralia/34/2019|EPIISL413291|2019-02-06,2019/2/6
A/Maryland/12129/2020|EPIISL490900|2020-01-05,2020/1/5
A/Netherlands/10284/2019|EPIISL410009|2019-12-31,2019/12/31
A/Netherlands/10098/2020|EPIISL411941|2020-02-10,2020/2/10
A/Netherlands/01706/2019|EPIISL401978|2019-12-14,2019/12/14
A/Laos/F0054/2020|EPIISL637047|2019-12-30,2019/12/30
A/SAPPORO/61/2019|EPIISL684051|2019-11-15,2019/11/15
A/Laos/F3122/2019|EPIISL410509|2019-10-28,2019/10/28
A/Catalonia/0846659S/2019|EPIISL407971|2019-12-03,2019/12/3
A/Xinjiang-Hetian/1660/2019|EPIISL410680|2019-11-26,2019/11/26
A/Bangladesh/911009/2020|EPIISL2932737|2020-09-03,2020/9/3
A/Bangladesh/2004/2020|EPIISL959653|2020-10-04,2020/10/4
A/Bangladesh/2002/2020|EPIISL959652|2020-10-01,2020/10/1
A/Bangladesh/4005/2020|EPIISL959654|2020-10-04,2020/10/4
A/Bangladesh/0004/2020|EPIISL882853|2020-09-06,2020/9/6
A/Salalah/520266545/2020|EPIISL984706|2020-10-05,2020/10/5
A.AbuDhabi/390121/2021|EPIISL1040050|2021-01-15,2021/1/15
A/Norway/29511/2021|EPIISL9401944|2021-11-25,2021/11/25
A/Stockholm/4/2021|EPIISL3315856|2021-03-11,2021/3/11
A/Sohar/72125048/2021|EPIISL9401984|2021-09-08,2021/9/8
A/Salalah/72126169/2021|EPIISL9401994|2021-09-29,2021/9/29
A/Germany/12426/2021|EPIISL7404288|2021-09-30,2021/9/30
A/Germany/12218/2021|EPIISL4702754|2021-09-07,2021/9/7
A/Qatar/16-VI-21-3782139/2021|EPIISL6075489|2021-08-02,2021/8/2
A/Qatar/10-VI-21-3886441/2021|EPIISL6075476|2021-08-07,2021/8/7
A/Qatar/24-VI-21-4043041/2021|EPIISL5365836|2021-08-13,2021/8/13
A/Qatar/24-VI-21-4043041/2021|EPIISL4005788|2021-08-13,2021/8/13
A/Qatar/10-VI-21-3994025/2021|EPIISL5365812|2021-08-11,2021/8/11
A/Qatar/10-VI-21-3914545/2021|EPIISL4005767|2021-08-09,2021/8/9
A/Qatar/47-VI-21-3995023/2021|EPIISL5365843|2021-08-11,2021/8/11
A/Qatar/24-VI-21-3948134/2021|EPIISL5365832|2021-08-10,2021/8/10
A/Qatar/24-VI-21-3962572/2021|EPIISL5365833|2021-08-10,2021/8/10
A/Qatar/47-VI-21-3995023/2021|EPIISL4005794|2021-08-11,2021/8/11
A/Qatar/24-VI-21-3948134/2021|EPIISL4005781|2021-08-10,2021/8/10
A/Qatar/16-VI-21-3782139/2021|EPIISL5365817|2021-08-02,2021/8/2
A/Qatar/16-VI-21-3820344/2021|EPIISL6075481|2021-08-02,2021/8/2
A/Qatar/24-VI-21-3986733/2021|EPIISL5365834|2021-08-11,2021/8/11
A/Qatar/24-VI-21-3909543/2021|EPIISL5365829|2021-08-08,2021/8/8
A/Qatar/24-VI-21-3868954/2021|EPIISL6075477|2021-08-06,2021/8/6
A/Qatar/24-VI-21-3909543/2021|EPIISL4005778|2021-08-08,2021/8/8
A/Qatar/16-VI-21-3956954/2021|EPIISL4005773|2021-08-10,2021/8/10
A/Qatar/47-VI-21-3968065/2021|EPIISL5365840|2021-08-10,2021/8/10
A/Qatar/10-VI-21-3904627/2021|EPIISL6075488|2021-08-08,2021/8/8
A/Qatar/10-VI-21-4573977/2021|EPIISL8808666|2021-09-01,2021/9/1
A/Qatar/24-VI-21-3980766/2021|EPIISL6075473|2021-08-11,2021/8/11
A/Qatar/16-VI-21-3994707/2021|EPIISL5365823|2021-08-11,2021/8/11
A/Qatar/16-VI-21-3999123/2021|EPIISL4005776|2021-08-12,2021/8/12
A/Qatar/16-VI-21-3950368/2021|EPIISL5365821|2021-08-10,2021/8/10
A/Singapore/INFKK0002/2021|EPIISL3102211|2021-02-01,2021/2/1
A/Qatar/10-VI-21-3904627/2021|EPIISL4005766|2021-08-08,2021/8/8
A/Qatar/24-VI-21-3980766/2021|EPIISL4005783|2021-08-11,2021/8/11
A/Qatar/10-VI-21-3813895/2021|EPIISL6075479|2021-08-04,2021/8/4
A/Qatar/47-VI-21-4486313/2021|EPIISL12240193|2021-08-29,2021/8/29
A/Qatar/16-VI-21-3744895/2021|EPIISL6075485|2021-07-31,2021/7/31
A/Qatar/16-VI-21-3744895/2021|EPIISL5365815|2021-07-31,2021/7/31
A/Qatar/24-VI-21-3986733/2021|EPIISL4005785|2021-08-11,2021/8/11
A/Qatar/16-VI-21-3778452/2021|EPIISL6075490|2021-08-02,2021/8/2
A/Qatar/47-VI-21-3991750/2021|EPIISL4005793|2021-08-11,2021/8/11
A/Qatar/39-VI-21-4147440/2021|EPIISL4005789|2021-08-17,2021/8/17
A/Qatar/24-VI-21-3942752/2021|EPIISL4005780|2021-08-09,2021/8/9
A/Qatar/24-VI-21-3942752/2021|EPIISL5365831|2021-08-09,2021/8/9
A/Qatar/24-VI-21-4041206/2021|EPIISL4005787|2021-08-13,2021/8/13
A/Qatar/16-VI-21-3673175/2021|EPIISL6075487|2021-07-27,2021/7/27
A/Qatar/16-VI-21-3798042/2021|EPIISL6075480|2021-08-03,2021/8/3
A/Qatar/24-VI-21-3985321/2021|EPIISL4005784|2021-08-11,2021/8/11
A/Singapore/INFKK0001/2021|EPIISL3102210|2021-01-04,2021/1/4
A/Qatar/24-VI-21-4031255/2021|EPIISL6075472|2021-08-13,2021/8/13
A/Qatar/24-VI-21-4031255/2021|EPIISL4005786|2021-08-13,2021/8/13
A/Qatar/16-VI-21-3936112/2021|EPIISL5365820|2021-08-09,2021/8/9
A/AbuDhabi/1541032/2021|EPIISL2800343|2021-06-02,2021/6/2
A/Texas/12741/2022|EPIISL12730184|2022-01-03,2022/1/3
A/Iran/Aban17A/2021|EPIISL9593242|2021-11-06,2021/11/6
A/Nepal/NPWR-05637/2021|EPIISL2932453|2021-04-08,2021/4/8
A/Nepal/NPWR-05637/2021|EPIISL2932452|2021-04-08,2021/4/8
A/Singapore/INFKK0001/2021|EPIISL3983679|2021-01-04,2021/1/4
A/Stockholm/6/2021|EPIISL2234358|2021-04-23,2021/4/23
A/Stockholm/5/2021|EPIISL3315857|2021-04-16,2021/4/16
A/Stockholm/5/2021|EPIISL2234357|2021-04-16,2021/4/16
A/Norway/16606/2021|EPIISL5946220|2021-08-07,2021/8/7
A/Norway/16960/2021|EPIISL5365802|2021-08-08,2021/8/8
A/Norway/16606/2021|EPIISL5365800|2021-08-07,2021/8/7
A/Qatar/34-VI-21-3664968/2021|EPIISL5365837|2021-07-27,2021/7/27
A/Qatar/34-VI-21-3664968/2021|EPIISL6075486|2021-07-27,2021/7/27
A/Philippines/16/2021|EPIISL11499460|2021-11-01,2021/11/1
A/Nepal/21FL2699/2021|EPIISL5419121|2021-08-11,2021/8/11
A/Nepal/21FL1719/2021|EPIISL5419099|2021-07-07,2021/7/7
A/Qatar/10-VI-21-4396149/2021|EPIISL12240190|2021-08-26,2021/8/26
A/Qatar/10-VI-21-4396149/2021|EPIISL8808680|2021-08-26,2021/8/26
A/Nepal/21FL2304/2021|EPIISL5419103|2021-08-01,2021/8/1
A/Nepal/21FL2304/2021|EPIISL5419102|2021-08-01,2021/8/1
A/Nepal/21FL2700/2021|EPIISL5419123|2021-08-11,2021/8/11
A/Qatar/16-VI-21-4035811/2021|EPIISL5365827|2021-08-13,2021/8/13
A/Nepal/21FL2415/2021|EPIISL5419107|2021-08-03,2021/8/3
A/Nepal/21FL2854/2021|EPIISL10626780|2021-08-23,2021/8/23
A/England/214340802/2021|EPIISL8609188|2021-10-20,2021/10/20
A/England/214720679/2021|EPIISL8929292|2021-11-19,2021/11/19
A/England/220261230/2022|EPIISL9650314|2022-01-13,2022/1/13
A/England/211640706/2021|EPIISL5935277|2021-04-18,2021/4/18
A/Stockholm/1/2021|EPIISL860634|2021-01-08,2021/1/8
A/Stockholm/1/2021|EPIISL2932741|2021-01-08,2021/1/8
A/Stockholm/2/2021|EPIISL1055767|2021-01-23,2021/1/23
A/Nepal/20FL2312/2020|EPIISL2233243|2020-12-19,2020/12/19
A/Nepal/21FL0201/2021|EPIISL2233244|2021-02-01,2021/2/1
A/Milano/01/2021|EPIISL9627679|2021-09-26,2021/9/26
A/Norway/10230/2021|EPIISL2932740|2021-04-14,2021/4/14
A/Israel/R-6982/2021|EPIISL9627678|2021-09-12,2021/9/12
A/AbuDhabi/383196/2021|EPIISL2800340|2021-02-07,2021/2/7
A/AbuDhabi/01/2021|EPIISL956319|2021-01-01,2021/1/1
A/AbuDhabi/2375/2021|EPIISL956338|2021-01-17,2021/1/17
A/Netherlands/10184/2021|EPIISL7988202|2021-12-08,2021/12/8
A/Bangladesh/4002/2020|EPIISL968666|2020-10-05,2020/10/5
A/Bangladesh/0002/2020|EPIISL882852|2020-09-03,2020/9/3
A/Bangladesh/3011/2020|EPIISL717680|2020-09-23,2020/9/23
A/Bangladesh/1001/2020|EPIISL717679|2020-09-05,2020/9/5
A/Bangladesh/1200913016/2020|EPIISL882866|2020-09-15,2020/9/15
A/Bangladesh/2004/2020|EPIISL717685|2020-10-04,2020/10/4
A/Bangladesh/1011/2020|EPIISL882809|2020-10-05,2020/10/5
A/Bangladesh/1201012002/2020|EPIISL766852|2020-10-03,2020/10/3
A/Bangladesh/1010009/2020|EPIISL965040|2020-10-10,2020/10/10
A/Bangladesh/1014/2020|EPIISL882870|2020-10-28,2020/10/28
A/Bangladesh/2004/2020|EPIISL965042|2020-10-04,2020/10/4
A/Bangladesh/1478/2020|EPIISL882824|2020-10-21,2020/10/21
A/Bangladesh/1201012021/2020|EPIISL882859|2020-10-27,2020/10/27
A/Bangladesh/1201012002/2020|EPIISL882878|2020-10-03,2020/10/3
A/Bangladesh/3201003001/2020|EPIISL882854|2020-10-01,2020/10/1
A/Bangladesh/1010009/2020|EPIISL717683|2020-10-10,2020/10/10
A/Bangladesh/3004/2020|EPIISL717690|2020-10-04,2020/10/4
A/Bangladesh/3004/2020|EPIISL882873|2020-10-04,2020/10/4
A/Bangladesh/1005/2020|EPIISL882815|2020-09-28,2020/9/28
A/Bangladesh/1002/2020|EPIISL717684|2020-10-05,2020/10/5
A/Bangladesh/1002/2020|EPIISL965039|2020-10-05,2020/10/5
A/Bahrain/4981/2021|EPIISL1064127|2021-01-12,2021/1/12
A/Bahrain/9211/2021|EPIISL1064138|2021-01-14,2021/1/14
A/Bahrain/1344/2021|EPIISL1296354|2021-01-10,2021/1/10
A/Bangladesh/2010/2020|EPIISL882858|2020-10-20,2020/10/20
A/Bangladesh/1010007/2020|EPIISL717673|2020-10-07,2020/10/7
A/Bangladesh/1937/2020|EPIISL882821|2020-10-19,2020/10/19
A/Bangladesh/2002/2020|EPIISL717682|2020-10-01,2020/10/1
A/Bangladesh/1817/2020|EPIISL882829|2020-10-06,2020/10/6
A/Michigan/05/2021|EPIISL5979547|2021-09-26,2021/9/26
A/Michigan/04/2021|EPIISL5327606|2021-09-19,2021/9/19
A/Bangladesh/1928/2020|EPIISL882830|2020-10-05,2020/10/5
A/Bangladesh/4006/2020|EPIISL882838|2020-10-18,2020/10/18
A/Bangladesh/1004005/2020|EPIISL1015485|2020-10-06,2020/10/6
A/Bangladesh/4002/2020|EPIISL717689|2020-10-05,2020/10/5
A/Bangladesh/4002/2020|EPIISL882874|2020-10-05,2020/10/5
A/AbuDhabi/390121/2021|EPIISL1064136|2021-01-15,2021/1/15
A/AbuDhabi/390121/2021|EPIISL1296360|2021-01-15,2021/1/15
A/India/Pun-NIV300460/2021Apr|EPIISL2365362|2021-04-08,2021/4/8
A/India/Pun-NIV293212/2021Feb|EPIISL1718306|2021-02-09,2021/2/9
A/India/Pun-NIV289524/2021Jan|EPIISL1246959|2021-01-07,2021/1/7
A/Nepal/Npwr-05637/2021|EPIISL4080569|2021-04-08,2021/4/8
A/Michigan/02/2021|EPIISL3534320|2021-07-14,2021/7/14
A/Pakistan/NMC1/2021|EPIISL9346118|2021-10-14,2021/10/14
A/Florida/01/2022|EPIISL10492926|2022-01-10,2022/1/10
A/India/Pun-NIV293693/2021Feb|EPIISL2365360|2021-02-15,2021/2/15
A/Pakistan/ICT7/2021|EPIISL9346125|2021-09-16,2021/9/16
A/Denmark/84/2021|EPIISL9988839|2021-12-28,2021/12/28
A/AbuDhabi/2211541032/2021|EPIISL3534318|2021-06-03,2021/6/3
A/Norway/16606/2021|EPIISL7256997|2021-08-07,2021/8/7
A/Norway/16606/2021|EPIISL8814257|2021-08-07,2021/8/7
A/Michigan/03/2021|EPIISL4373590|2021-08-18,2021/8/18
A/Michigan/03/2021|EPIISL4373574|2021-08-18,2021/8/18
A/Delaware/01/2021|EPIISL2518750|2021-04-16,2021/4/16
A/Delaware/01/2021|EPIISL2518731|2021-04-16,2021/4/16
A/Netherlands/00007/2021|EPIISL8814258|2021-08-02,2021/8/2
A/Lisboa/135/2022|EPIISL12142198|2022-03-07,2022/3/7
A/Romania/310/2022|EPIISL12809112|2022-03-21,2022/3/21
A/Denmark/245/2022|EPIISL12323625|2022-02-25,2022/2/25
A/Massachusetts/07/2022|EPIISL12713451|2022-03-22,2022/3/22
A/Massachusetts/07/2022|EPIISL12713496|2022-03-22,2022/3/22
A/Lisboa/145/2022|EPIISL12142279|2022-03-07,2022/3/7
A/NewJersey/15/2022|EPIISL12713964|2022-04-13,2022/4/13
A/Denmark/559/2022|EPIISL12344018|2022-03-09,2022/3/9
A/Denmark/11/2022|EPIISL9304988|2022-01-09,2022/1/9
A/Denmark/295/2022|EPIISL12323577|2022-03-01,2022/3/1
A/Denmark/277/2022|EPIISL12323623|2022-02-28,2022/2/28
A/Denmark/120/2022|EPIISL12322669|2022-02-14,2022/2/14
A/Denmark/125/2022|EPIISL12322654|2022-02-14,2022/2/14
A/Denmark/211/2022|EPIISL12323482|2022-02-22,2022/2/22
A/Denmark/79/2021|EPIISL9488859|2021-12-21,2021/12/21
A/Denmark/123/2021|EPIISL9304978|2021-12-31,2021/12/31
A/Montana/05/2021|EPIISL8636573|2021-11-17,2021/11/17
A/Denmark/87/2021|EPIISL9488861|2021-12-24,2021/12/24
A/NewYork/03/2021|EPIISL7256962|2021-09-16,2021/9/16
A/Maryland/12267/2021|EPIISL6854994|2021-09-30,2021/9/30
A/Maryland/12222/2021|EPIISL6854993|2021-09-16,2021/9/16
A/Maryland/12227/2021|EPIISL6854987|2021-09-22,2021/9/22
A/California/52/2021|EPIISL9033780|2021-12-20,2021/12/20
A/Connecticut/02/2021|EPIISL8557850|2021-11-05,2021/11/5
A/Nebraska/06/2021|EPIISL8636536|2021-11-30,2021/11/30
A/Ohio/07/2021|EPIISL8557869|2021-11-17,2021/11/17
A/Pennsylvania/15/2022|EPIISL11497639|2022-02-06,2022/2/6
A/Nebraska/12/2021|EPIISL9389011|2021-12-27,2021/12/27
A/Kansas/06/2021|EPIISL9033340|2021-12-14,2021/12/14
A/NorthDakota/07/2021|EPIISL9389035|2021-12-24,2021/12/24
A/Virginia/01/2021|EPIISL8810267|2021-11-22,2021/11/22
A/Tennessee/22/2021|EPIISL9389034|2021-12-14,2021/12/14
A/SouthDakota/03/2021|EPIISL8636590|2021-11-25,2021/11/25
A/California/55/2022|EPIISL12716170|2022-03-31,2022/3/31
A/NorthCarolina/13/2021|EPIISL11532922|2021-12-25,2021/12/25
A/Idaho/07/2022|EPIISL11959221|2022-02-10,2022/2/10
A/NorthCarolina/07/2021|EPIISL8557723|2021-11-18,2021/11/18
A/Washington/08/2021|EPIISL9346160|2021-12-17,2021/12/17
A/NorthCarolina/12/2021|EPIISL9033376|2021-12-11,2021/12/11
A/Montana/09/2021|EPIISL8636588|2021-11-29,2021/11/29
A/Nebraska/03/2021|EPIISL8636592|2021-11-15,2021/11/15
A/Mississippi/02/2021|EPIISL7602544|2021-11-10,2021/11/10
A/NewMexico/03/2022|EPIISL9671388|2022-01-04,2022/1/4
A/Texas/05/2021|EPIISL8636572|2021-11-23,2021/11/23
A/Georgia/05/2021|EPIISL8557855|2021-11-23,2021/11/23
A/Wisconsin/16/2021|EPIISL8557815|2021-11-30,2021/11/30
A/Virginia/02/2021|EPIISL8810279|2021-11-26,2021/11/26
A/NewMexico/10/2022|EPIISL11958660|2022-03-07,2022/3/7
A/Oregon/03/2021|EPIISL11532839|2021-11-26,2021/11/26
A/NorthCarolina/12/2021|EPIISL8814262|2021-12-11,2021/12/11
A/Minnesota/05/2021|EPIISL8636586|2021-11-16,2021/11/16
A/Delaware/11/2021|EPIISL8814428|2021-12-13,2021/12/13
A/Wisconsin/15/2021|EPIISL8557871|2021-11-27,2021/11/27
A/Florida/19/2021|EPIISL9390636|2021-12-05,2021/12/5
A/Maryland/02/2021|EPIISL6306357|2021-10-03,2021/10/3
A/Washington/05/2021|EPIISL9033439|2021-12-07,2021/12/7
A/NewHampshire/10/2021|EPIISL8814302|2021-12-20,2021/12/20
A/PuertoRico/03/2021|EPIISL9631636|2021-12-11,2021/12/11
A/Kentucky/02/2021|EPIISL8813502|2021-11-29,2021/11/29
A/Illinois/11/2021|EPIISL9631597|2021-12-21,2021/12/21
A/Illinois/07/2021|EPIISL9346176|2021-12-19,2021/12/19
A/Wyoming/11/2021|EPIISL9033420|2021-12-17,2021/12/17
A/Florida/12/2021|EPIISL8557724|2021-11-21,2021/11/21
A/Iowa/05/2022|EPIISL11497380|2022-01-19,2022/1/19
A/Maryland/12232/2021|EPIISL6854996|2021-09-23,2021/9/23
A/Michigan/16/2021|EPIISL8557756|2021-11-10,2021/11/10
A/Alaska/03/2022|EPIISL11533828|2022-02-08,2022/2/8
A/Delaware/13/2022|EPIISL12109553|2022-03-07,2022/3/7
A/Illinois/16/2022|EPIISL12713541|2022-04-15,2022/4/15
A/RhodeIsland/06/2021|EPIISL7602561|2021-11-16,2021/11/16
A/DistrictOfColumbia/10/2021|EPIISL8810276|2021-12-08,2021/12/8
A/SouthDakota/04/2021|EPIISL8813666|2021-12-20,2021/12/20
A/Kansas/20/2022|EPIISL12710572|2022-03-29,2022/3/29
A/Alaska/10/2022|EPIISL12716196|2022-04-08,2022/4/8
A/California/60/2021|EPIISL9033449|2021-12-25,2021/12/25
A/Missouri/04/2022|EPIISL10825994|2022-01-18,2022/1/18
A/Pennsylvania/10/2022|EPIISL10827017|2022-01-15,2022/1/15
A/Michigan/20/2021|EPIISL8636546|2021-11-21,2021/11/21
A/Florida/08/2021|EPIISL7602480|2021-11-12,2021/11/12
A/Alaska/05/2021|EPIISL11958759|2021-12-22,2021/12/22
A/Montana/11/2021|EPIISL9033421|2021-12-13,2021/12/13
A/RhodeIsland/17/2021|EPIISL9033385|2021-12-28,2021/12/28
A/Arkansas/10/2022|EPIISL12713561|2022-04-05,2022/4/5
A/NewHampshire/03/2021|EPIISL8814298|2021-11-18,2021/11/18
A/NewJersey/09/2021|EPIISL9631637|2021-12-27,2021/12/27
A/Kansas/11/2022|EPIISL11533867|2022-02-10,2022/2/10
A/Alabama/08/2022|EPIISL10826002|2022-01-13,2022/1/13
A/California/28/2021|EPIISL9033461|2021-12-05,2021/12/5
A/Delaware/09/2021|EPIISL8814426|2021-12-12,2021/12/12
A/Illinois/04/2022|EPIISL11533868|2022-02-08,2022/2/8
A/Mississippi/13/2022|EPIISL12713134|2022-04-08,2022/4/8
A/SouthCarolina/04/2021|EPIISL8636651|2021-11-03,2021/11/3
A/NorthCarolina/09/2021|EPIISL8810272|2021-12-02,2021/12/2
A/SouthCarolina/07/2021|EPIISL8636650|2021-11-23,2021/11/23
A/RhodeIsland/17/2022|EPIISL12713483|2022-03-21,2022/3/21
A/RhodeIsland/09/2021|EPIISL8557844|2021-11-30,2021/11/30
A/Missouri/13/2022|EPIISL12710485|2022-03-08,2022/3/8
A/NorthCarolina/06/2022|EPIISL12713536|2022-03-29,2022/3/29
A/DistrictOfColumbia/05/2022|EPIISL11497632|2022-02-10,2022/2/10
A/Vermont/03/2022|EPIISL10493032|2022-01-17,2022/1/17
A/Vermont/03/2022|EPIISL10826920|2022-01-17,2022/1/17
A/Arizona/14/2022|EPIISL11959118|2022-03-05,2022/3/5
A/NewYork/07/2022|EPIISL12109565|2022-03-07,2022/3/7
A/Iowa/19/2022|EPIISL12713507|2022-04-01,2022/4/1
A/RhodeIsland/03/2022|EPIISL10492988|2022-01-11,2022/1/11
A/Wisconsin/23/2022|EPIISL12713349|2022-04-01,2022/4/1
A/DistrictOfColumbia/24/2022|EPIISL12713472|2022-03-30,2022/3/30
A/Serbia/214/2022|EPIISL11956888|2022-01-12,2022/1/12
A/Netherlands/00334/2022|EPIISL11782216|2022-03-14,2022/3/14
A/Netherlands/00258/2022|EPIISL11522809|2022-03-06,2022/3/6
A/Netherlands/00388/2022|EPIISL11782111|2022-03-18,2022/3/18
A/Netherlands/00313/2022|EPIISL11522877|2022-03-14,2022/3/14
A/Netherlands/00826/2022|EPIISL12555329|2022-04-21,2022/4/21
A/Netherlands/00136/2022|EPIISL11100076|2022-03-02,2022/3/2
A/Netherlands/00109/2022|EPIISL11100061|2022-02-28,2022/2/28
A/Michigan/173/2020|EPIISL5332903|2020-11-19,2020/11/19
A/Michigan/173/2020|EPIISL965035|2020-11-19,2020/11/19
A/Michigan/173/2020|EPIISL5332898|2020-11-19,2020/11/19
A/Michigan/173/2020|EPIISL3479384|2020-11-19,2020/11/19
A/Texas/01/2021|EPIISL3855650|2021-08-04,2021/8/4
A/Texas/01/2021|EPIISL3855640|2021-08-04,2021/8/4
A/Denmark/28/2021|EPIISL9488850|2021-11-11,2021/11/11
A/Pakistan/ICT10/2021|EPIISL9346132|2021-09-13,2021/9/13
A/Philippines/4/2021|EPIISL3950046|2021-06-24,2021/6/24
A/Pennsylvania/01/2021|EPIISL1732523|2021-03-19,2021/3/19
A/Pennsylvania/01/2021|EPIISL1732522|2021-03-19,2021/3/19
A/Pennsylvania/01/2021|EPIISL5332897|2021-03-19,2021/3/19
A/Pennsylvania/01/2021|EPIISL6854988|2021-03-19,2021/3/19
A/Pennsylvania/01/2021|EPIISL6854995|2021-03-19,2021/3/19
A/India/PUN-NIV299083/2021|EPIISL4373432|2021-04-01,2021/4/1
A/India/PUN-NIV301132/2021|EPIISL4080561|2021-04-11,2021/4/11
A/India/PUN-NIV312063/2021|EPIISL4373546|2021-05-09,2021/5/9
A/India/PUN-NIV303835/2021|EPIISL4373458|2021-04-20,2021/4/20
A/India/PUN-NIV303835/2021|EPIISL4080560|2021-04-20,2021/4/20
A/India/PUN-NIV302100/2021|EPIISL4080565|2021-04-12,2021/4/12
A/Wisconsin/02/2021|EPIISL1064118|2021-01-23,2021/1/23
A/Wisconsin/02/2021|EPIISL1064117|2021-01-23,2021/1/23
A/AbuDhabi/2375/2021|EPIISL1064139|2021-01-17,2021/1/17
A/India/Pun-NIV295198/2021Mar|EPIISL1718310|2021-03-03,2021/3/3
A/AbuDhabi/2210383196/2021/2021|EPIISL3794366|2021-02-07,2021/2/7
A/India/Pun-NIV293349/2021Feb|EPIISL2365359|2021-02-10,2021/2/10
A/AbuDhabi/2210622842/2021|EPIISL3534325|2021-03-03,2021/3/3
A/AbuDhabi/2210622842/2021|EPIISL3534317|2021-03-03,2021/3/3
A/AbuDhabi/2210332924/2021|EPIISL3534316|2021-02-07,2021/2/7
A/India/Pun-NIV290244/2021Jan|EPIISL1246963|2021-01-12,2021/1/12
A/India/PUN-NIV290244/2021|EPIISL4373446|2021-01-12,2021/1/12
A/Norway/34416/2021|EPIISL8786147|2021-12-20,2021/12/20
A/Netherlands/00279/2022|EPIISL11522817|2022-03-06,2022/3/6
A/Netherlands/00903/2022|EPIISL12725041|2022-04-28,2022/4/28
A/Netherlands/00832/2022|EPIISL12555385|2022-04-19,2022/4/19
A/Netherlands/00493/2022|EPIISL11985586|2022-03-25,2022/3/25
A/Netherlands/10349/2022|EPIISL11449436|2022-03-11,2022/3/11
A/Netherlands/10691/2022|EPIISL11887872|2022-03-30,2022/3/30
A/Netherlands/11409/2022|EPIISL12676654|2022-04-27,2022/4/27
A/Netherlands/11281/2022|EPIISL12676358|2022-04-28,2022/4/28
A/Netherlands/10916/2022|EPIISL12212608|2022-04-06,2022/4/6
A/Netherlands/11216/2022|EPIISL12429531|2022-04-18,2022/4/18
A/Netherlands/10567/2022|EPIISL11668992|2022-03-16,2022/3/16
A/Netherlands/11234/2022|EPIISL12429546|2022-04-16,2022/4/16
A/Netherlands/10167/2022|EPIISL11166077|2022-03-07,2022/3/7
A/Netherlands/10910/2022|EPIISL12064270|2022-04-01,2022/4/1
A/Netherlands/10124/2022|EPIISL10945475|2022-03-03,2022/3/3
A/Netherlands/10998/2022|EPIISL12212632|2022-04-06,2022/4/6
A/Netherlands/10336/2022|EPIISL11309881|2022-03-11,2022/3/11
A/Netherlands/10911/2022|EPIISL12064271|2022-04-01,2022/4/1
A/Netherlands/11442/2022|EPIISL12677142|2022-04-26,2022/4/26
A/Netherlands/10195/2021|EPIISL8452284|2021-12-20,2021/12/20
A/Lisboa/74/2022|EPIISL12141762|2022-02-14,2022/2/14
A/Netherlands/00007/2021|EPIISL6915284|2021-08-02,2021/8/2
A/Saida/5915/2021|EPIISL6075496|2021-09-21,2021/9/21
A/England/215281673/2021|EPIISL9383909|2021-12-27,2021/12/27
A/Stockholm/34/2021|EPIISL9208249|2021-12-29,2021/12/29
A/Arsal/5773/2021|EPIISL6075498|2021-09-13,2021/9/13
A/Tripoli/5646/2021|EPIISL7353819|2021-09-07,2021/9/7
A/Tripoli/5937/2021|EPIISL6075495|2021-09-21,2021/9/21
A/Arsal/5767/2021|EPIISL6075501|2021-09-13,2021/9/13
A/Uppsala/1/2021|EPIISL9402236|2021-10-21,2021/10/21
A/Hungary/2/2022|EPIISL9593233|2022-01-11,2022/1/11
A/Sweden/21/2021|EPIISL9067323|2021-12-20,2021/12/20
A/Jonkoping/1/2021|EPIISL8377527|2021-11-08,2021/11/8
A/Boras/2/2022|EPIISL9208233|2022-01-03,2022/1/3
A/Netherlands/00070/2022|EPIISL10498215|2022-01-26,2022/1/26
A/Zahleh.LBN/6893/2021|EPIISL8576433|2021-11-09,2021/11/9
A/Israel/B-348/2021|EPIISL9533486|2021-12-17,2021/12/17
A/Tripoli.LBN/7325/2021|EPIISL9533465|2021-11-23,2021/11/23
A/Israel/B-429/2021|EPIISL9533489|2021-12-22,2021/12/22
A/Tripoli/6100/2021|EPIISL6075494|2021-09-30,2021/9/30
A/Catalonia/NSVH198242974/2022|EPIISL12705647|2022-05-10,2022/5/10
A/Navarra/1173/2022|EPIISL11467638|2022-02-28,2022/2/28
A/Catalonia/NSVH161510503/2022|EPIISL12705635|2022-05-04,2022/5/4
A/CastillaLaMancha/1548/2022|EPIISL12646202|2022-03-23,2022/3/23
A/Linkoping/2/2021|EPIISL9208129|2021-12-13,2021/12/13
A/Catalonia/NSVH198241147/2022|EPIISL12471325|2022-04-19,2022/4/19
A/Melilla/1365/2022|EPIISL11814312|2022-03-21,2022/3/21
A/Andalucia/1514/2022|EPIISL12646176|2022-03-10,2022/3/10
A/Stockholm/7/2022|EPIISL12121024|2022-03-07,2022/3/7
A/Serbia/416478/2022|EPIISL9842664|2022-01-17,2022/1/17
A/Albania/616/2021|EPIISL12219341|2021-12-19,2021/12/19
A/Albania/8083/2021|EPIISL12219466|2021-12-09,2021/12/9
A/Canarias/1340/2022|EPIISL11814244|2022-03-02,2022/3/2
A/UnitedKingdom/12670/2022|EPIISL12422556|2022-03-09,2022/3/9
A/Arsal/5772/2021|EPIISL6075499|2021-09-13,2021/9/13
A/Navarra/1343/2022|EPIISL11814344|2022-03-08,2022/3/8
A/Lebanon/8484/2021|EPIISL12240144|2021-12-29,2021/12/29
A/Extremadura/1243/2022|EPIISL11814269|2022-03-09,2022/3/9
A/Galicia/1605/2022|EPIISL12646531|2022-03-14,2022/3/14
A/BosniaandHerzegovina/101/2021|EPIISL12219614|2021-12-28,2021/12/28
A/Beirut/5509/2021|EPIISL6915274|2021-09-01,2021/9/1
A/Baabda/5555/2021|EPIISL6915271|2021-09-01,2021/9/1
A/Beirut/5517/2021|EPIISL6915273|2021-09-01,2021/9/1
A/Bazoureyeh.LBN/7037/2021|EPIISL8576440|2021-11-11,2021/11/11
A/Navarra/1203/2022|EPIISL11814316|2022-02-26,2022/2/26
A/Estonia/168141/2022|EPIISL12240120|2022-01-05,2022/1/5
A/Orebro/1/2021|EPIISL5743010|2021-08-21,2021/8/21
A/Stockholm/8/2021|EPIISL3797776|2021-08-10,2021/8/10
A/Catalonia/NSVH198242975/2022|EPIISL12705648|2022-05-10,2022/5/10
A/Switzerland/87473/2021|EPIISL12240213|2021-12-28,2021/12/28
A/Stockholm/29/2021|EPIISL8377550|2021-11-25,2021/11/25
A/Germany/12672/2022|EPIISL12729594|2022-03-01,2022/3/1
A/Catalonia/NSVH199821772/2022|EPIISL12599178|2022-04-27,2022/4/27
A/Maryland/12258/2021|EPIISL5412072|2021-09-29,2021/9/29
A/Maryland/12220/2021|EPIISL4702756|2021-09-14,2021/9/14
A/Maryland/12242/2021|EPIISL5412056|2021-09-27,2021/9/27
A/Maryland/12243/2021|EPIISL5412057|2021-09-27,2021/9/27
A/Maryland/12222/2021|EPIISL4702765|2021-09-16,2021/9/16
A/Maryland/12252/2021|EPIISL5412066|2021-09-29,2021/9/29
A/Maryland/12248/2021|EPIISL5412062|2021-09-28,2021/9/28
A/Maryland/12259/2021|EPIISL5412073|2021-09-29,2021/9/29
A/Maryland/12235/2021|EPIISL5412049|2021-09-23,2021/9/23
A/Maryland/12238/2021|EPIISL5412052|2021-09-27,2021/9/27
A/Maryland/12251/2021|EPIISL5412065|2021-09-29,2021/9/29
A/Maryland/12223/2021|EPIISL4702769|2021-09-21,2021/9/21
A/Maryland/12263/2021|EPIISL5412077|2021-09-30,2021/9/30
A/Maryland/12265/2021|EPIISL5412079|2021-09-30,2021/9/30
A/Maryland/12246/2021|EPIISL5412060|2021-09-27,2021/9/27
A/Maryland/12230/2021|EPIISL5412044|2021-09-23,2021/9/23
A/Maryland/12260/2021|EPIISL5412074|2021-09-29,2021/9/29
A/Maryland/12249/2021|EPIISL5412063|2021-09-28,2021/9/28
A/Maryland/12240/2021|EPIISL5412054|2021-09-27,2021/9/27
A/Maryland/12233/2021|EPIISL5412047|2021-09-23,2021/9/23
A/Maryland/12227/2021|EPIISL5412041|2021-09-22,2021/9/22
A/Maryland/12270/2021|EPIISL5772135|2021-09-30,2021/9/30
A/Maryland/12234/2021|EPIISL5412048|2021-09-23,2021/9/23
A/Galicia/1606/2022|EPIISL12646549|2022-03-18,2022/3/18
A/Maryland/12317/2021|EPIISL5772226|2021-10-07,2021/10/7
A/Michigan/UOMCL21-590096/2021|EPIISL6902018|2021-11-01,2021/11/1
A/Maryland/12417/2021|EPIISL6135986|2021-10-14,2021/10/14
A/Maryland/12283/2021|EPIISL5772148|2021-10-05,2021/10/5
A/Michigan/UOM10042681528/2021|EPIISL6901981|2021-11-15,2021/11/15
A/Oklahoma/12625/2022|EPIISL10862988|2022-01-24,2022/1/24
A/Michigan/UOMCL21-590106/2021|EPIISL6902028|2021-11-01,2021/11/1
A/Michigan/UOM10042698060/2021|EPIISL6862917|2021-11-16,2021/11/16
A/Maryland/12412/2021|EPIISL6135981|2021-10-14,2021/10/14
A/Maryland/12453/2021|EPIISL7404380|2021-10-20,2021/10/20
A/Maryland/12385/2021|EPIISL6135954|2021-10-13,2021/10/13
A/NewYork/12506/2021|EPIISL8429147|2021-12-02,2021/12/2
A/Maryland/12466/2021|EPIISL7404429|2021-10-26,2021/10/26
A/Michigan/UOM10042639285/2021|EPIISL6862978|2021-11-12,2021/11/12
A/Michigan/UOM10042603462/2021|EPIISL6902167|2021-11-10,2021/11/10
A/SouthCarolina/12573/2021|EPIISL9702090|2021-12-20,2021/12/20
A/Michigan/UOM10042598572/2021|EPIISL6902146|2021-11-10,2021/11/10
A/Michigan/UOM10042679668/2021|EPIISL6863041|2021-11-15,2021/11/15
A/Michigan/UOM10042637925/2021|EPIISL6862973|2021-11-12,2021/11/12
A/Maryland/12272/2021|EPIISL5772137|2021-10-05,2021/10/5
A/Michigan/UOM10042694575/2021|EPIISL6862911|2021-11-16,2021/11/16
A/Michigan/UOM10042643173/2021|EPIISL6862982|2021-11-12,2021/11/12
A/Michigan/UOM10042656290/2021|EPIISL6863007|2021-11-13,2021/11/13
A/Maryland/12351/2021|EPIISL6135920|2021-10-12,2021/10/12
A/Michigan/UOM10042620798/2021|EPIISL6902092|2021-11-11,2021/11/11
A/Michigan/UOM10042583089/2021|EPIISL6902070|2021-11-09,2021/11/9
A/Maryland/12388/2021|EPIISL6135957|2021-10-13,2021/10/13
A/Maryland/12232/2021|EPIISL5412046|2021-09-23,2021/9/23
A/Michigan/UOMCL21-590099/2021|EPIISL6902021|2021-11-01,2021/11/1
A/Michigan/UOM10042602486/2021|EPIISL6902159|2021-11-10,2021/11/10
A/Maryland/12357/2021|EPIISL6135926|2021-10-12,2021/10/12
A/Texas/12713/2022|EPIISL12729965|2022-03-11,2022/3/11
A/Maryland/12360/2021|EPIISL6135929|2021-10-12,2021/10/12
A/Michigan/UOM10042694566/2021|EPIISL6862910|2021-11-16,2021/11/16
A/Michigan/UOM10042670868/2021|EPIISL6863009|2021-11-15,2021/11/15
A/Texas/12716/2022|EPIISL12729974|2022-03-13,2022/3/13
A/NorthDakota/12603/2022|EPIISL10862757|2022-01-10,2022/1/10
A/Wyoming/01/2021|EPIISL11140792|2021-08-27,2021/8/27
A/Navarra/979/2022|EPIISL10347256|2022-02-11,2022/2/11
A/Maryland/12414/2021|EPIISL6135983|2021-10-14,2021/10/14
A/Texas/12710/2022|EPIISL12729948|2022-03-09,2022/3/9
A/NorthDakota/12602/2022|EPIISL10862753|2022-01-07,2022/1/7
A/Texas/12719/2022|EPIISL12730005|2022-03-15,2022/3/15
A/SouthCarolina/12510/2021|EPIISL8429151|2021-11-18,2021/11/18
A/CastillaLaMancha/1245/2022|EPIISL11814252|2022-03-05,2022/3/5
A/Michigan/UOM10042602320/2021|EPIISL6902155|2021-11-10,2021/11/10
A/Nebraska/12551/2021|EPIISL9702068|2021-12-15,2021/12/15
A/Michigan/UOM10042745403/2021|EPIISL11349481|2021-11-18,2021/11/18
A/Belgium/H0007/2021|EPIISL12240109|2021-08-06,2021/8/6
A/Tripoli/5638/2021|EPIISL6915270|2021-09-07,2021/9/7
A/Lebanon/8472/2021|EPIISL9593270|2021-12-29,2021/12/29
A/Catalonia/NSVH101769409/2022|EPIISL11766279|2022-03-05,2022/3/5
A/BritishColumbia/17/2021|EPIISL11041941|2021-12-16,2021/12/16
A/BritishColumbia/24/2021|EPIISL11041948|2021-12-25,2021/12/25
A/Catalonia/NSVH198242978/2022|EPIISL12705651|2022-05-10,2022/5/10
A/Switzerland/12229/2022|EPIISL9140461|2022-01-02,2022/1/2
A/Eskilstuna/10/2021|EPIISL8377542|2021-11-23,2021/11/23
A/Netherlands/10464/2022|EPIISL11449447|2022-03-06,2022/3/6
A/Netherlands/10448/2022|EPIISL11449489|2022-03-09,2022/3/9
A/Netherlands/10343/2022|EPIISL11166254|2022-03-04,2022/3/4
A/Netherlands/10325/2022|EPIISL11166227|2022-03-09,2022/3/9
A/Netherlands/11161/2022|EPIISL12429478|2022-03-31,2022/3/31
A/Netherlands/11043/2022|EPIISL12429559|2022-04-04,2022/4/4
A/Netherlands/10161/2022|EPIISL10945217|2022-03-04,2022/3/4
A/Netherlands/11029/2022|EPIISL12212654|2022-04-11,2022/4/11
A/Netherlands/10478/2022|EPIISL11449452|2022-03-10,2022/3/10
A/Netherlands/10281/2022|EPIISL11166213|2022-03-08,2022/3/8
A/Netherlands/11285/2022|EPIISL12567887|2022-04-19,2022/4/19
A/Netherlands/11169/2022|EPIISL12429486|2022-04-06,2022/4/6
A/Netherlands/11191/2022|EPIISL12429500|2022-04-11,2022/4/11
A/Netherlands/10203/2021|EPIISL8452430|2021-12-11,2021/12/11
A/Astrakhan/01/2021|EPIISL9593251|2021-11-03,2021/11/3
A/S.Petersburg/RII-32/2021|EPIISL9533492|2021-11-30,2021/11/30
A/Albania/8322/2021|EPIISL12219460|2021-12-10,2021/12/10
A/Kosova/104/2021|EPIISL12219465|2021-12-03,2021/12/3
A/Kosova/489/2021|EPIISL12219555|2021-12-17,2021/12/17
A/Albania/9695/2021|EPIISL12219436|2021-12-16,2021/12/16
A/Albania/9980/2021|EPIISL12219425|2021-12-16,2021/12/16
A/Albania/8975/2021|EPIISL12219444|2021-12-13,2021/12/13
A/Armenia/897/2021|EPIISL9627674|2021-12-28,2021/12/28
A/Baden-Wurttemberg/2/2021|EPIISL12219532|2021-12-27,2021/12/27
A/Estonia/168131/2022|EPIISL12240118|2022-01-06,2022/1/6
A/Kaliningrad/RII-06/2021|EPIISL9533474|2021-11-25,2021/11/25
A/Georgia/2052/2021|EPIISL12219445|2021-12-17,2021/12/17
A/Netherlands/10036/2022|EPIISL9750616|2022-01-26,2022/1/26
A/Mayotte/564/2021|EPIISL9401955|2021-09-28,2021/9/28
A/Norway/32146/2021|EPIISL8786126|2021-12-10,2021/12/10
A/Samara/15/2021|EPIISL9260830|2021-12-17,2021/12/17
A/NewYork/13/2022|EPIISL12713567|2022-04-07,2022/4/7
A/Catalonia/NSVH17653/2021|EPIISL4537562|2021-09-20,2021/9/20
A/Croatia/109108/2021|EPIISL6915282|2021-09-20,2021/9/20
A/Lyon/R21.800.58/2021|EPIISL9401961|2021-09-16,2021/9/16
A/Denmark/07/2021|EPIISL8576447|2021-09-17,2021/9/17
A/Baleares/9228/2021|EPIISL5142467|2021-09-22,2021/9/22
A/Lille/27403/2021|EPIISL9401977|2021-09-13,2021/9/13
A/Croatia/99546/2021|EPIISL6915292|2021-08-25,2021/8/25
A/England/213740825/2021|EPIISL5935288|2021-09-02,2021/9/2
A/Baleares/9228/2021|EPIISL8808677|2021-09-22,2021/9/22
A/England/214021586/2021|EPIISL5935088|2021-09-29,2021/9/29
A/CastillaLaMancha/220127/2021|EPIISL9359960|2021-12-17,2021/12/17
A/England/214200530/2021|EPIISL8609102|2021-10-13,2021/10/13
A/England/214701052/2021|EPIISL8929291|2021-11-17,2021/11/17
A/Spain/46/2021|EPIISL9402023|2021-12-11,2021/12/11
A/Spain/87/2021|EPIISL9401997|2021-12-23,2021/12/23
A/Spain/25/2021|EPIISL9402027|2021-12-02,2021/12/2
A/Netherlands/10058/2021|EPIISL12240172|2021-10-14,2021/10/14
A/England/214240725/2021|EPIISL8609118|2021-10-12,2021/10/12
A/England/213861328/2021|EPIISL5935307|2021-09-19,2021/9/19
A/HauteNormandie/27444/2021|EPIISL9401967|2021-09-11,2021/9/11
A/England/214100499/2021|EPIISL9402242|2021-10-07,2021/10/7
A/Netherlands/10004/2021|EPIISL6915278|2021-09-07,2021/9/7
A/Denmark/04/2021|EPIISL8576479|2021-09-15,2021/9/15
A/Netherlands/10002/2021|EPIISL6915276|2021-09-06,2021/9/6
A/Netherlands/10001/2021|EPIISL6915275|2021-09-06,2021/9/6
A/Netherlands/00008/2021|EPIISL6915285|2021-09-08,2021/9/8
A/England/215160722/2021|EPIISL9383744|2021-12-20,2021/12/20
A/Norway/24864/2021|EPIISL9401931|2021-10-26,2021/10/26
A/Norway/24873/2021|EPIISL9402025|2021-10-24,2021/10/24
A/England/215060507/2021|EPIISL9650270|2021-12-10,2021/12/10
A/England/215160727/2021|EPIISL9383847|2021-12-18,2021/12/18
A/Asturias/9911/2021|EPIISL7973310|2021-11-23,2021/11/23
A/England/214340801/2021|EPIISL8609174|2021-10-20,2021/10/20
A/Spain/29/2021|EPIISL9402021|2021-12-02,2021/12/2
A/Albania/863/2021|EPIISL12219333|2021-12-21,2021/12/21
A/England/214220885/2021|EPIISL8609112|2021-10-15,2021/10/15
A/Stockholm/16/2021|EPIISL7637985|2021-10-26,2021/10/26
A/Denmark/08/2021|EPIISL8576445|2021-09-17,2021/9/17
A/Netherlands/10005/2021|EPIISL6915289|2021-09-07,2021/9/7
A/Qatar/10-VI-21-3976292/2021|EPIISL5365811|2021-08-11,2021/8/11
A/Qatar/10-VI-21-3976292/2021|EPIISL4005768|2021-08-11,2021/8/11
A/Nepal/21FL2352/2021|EPIISL5419105|2021-08-02,2021/8/2
A/Nepal/21FL2439/2021|EPIISL5419108|2021-08-03,2021/8/3
A/Switzerland/02353/2021|EPIISL12240207|2021-12-07,2021/12/7
A/Navarra/1254/2022|EPIISL11814330|2022-03-10,2022/3/10
A/Kosova/618/2021|EPIISL12219606|2021-12-22,2021/12/22
A/Spain/41/2021|EPIISL9402235|2021-12-15,2021/12/15
A/Arizona/12633/2022|EPIISL12422429|2022-02-10,2022/2/10
A/England/213900520/2021|EPIISL5935317|2021-09-22,2021/9/22
A/Ireland/4594/2021|EPIISL9842671|2021-12-12,2021/12/12
A/Netherlands/10074/2021|EPIISL9402253|2021-10-28,2021/10/28
A/Alaska/01/2021|EPIISL9401965|2021-08-20,2021/8/20
A/England/220540737/2022|EPIISL11112338|2022-01-25,2022/1/25
A/Nepal/21FL2632/2021|EPIISL5419117|2021-08-10,2021/8/10
A/Netherlands/00009/2021|EPIISL4551781|2021-09-09,2021/9/9
A/Netherlands/00042/2021|EPIISL6371192|2021-10-29,2021/10/29
A/Netherlands/00126/2021|EPIISL9760143|2021-12-03,2021/12/3
A/Denmark/13/2021|EPIISL8769992|2021-09-21,2021/9/21
A/PuertoRico/06/2021|EPIISL10493004|2021-12-17,2021/12/17
A/Denmark/12/2021|EPIISL8769997|2021-09-25,2021/9/25
A/India/2158/2021|EPIISL10828474|2021-09-15,2021/9/15
A/Nepal/21FL2608/2021|EPIISL10826909|2021-08-10,2021/8/10
A/India/2160/2021|EPIISL10828452|2021-10-12,2021/10/12
A/Kansas/03/2021|EPIISL8636566|2021-11-30,2021/11/30
A/AbuDhabi/3550471/2021|EPIISL8808401|2021-12-20,2021/12/20
A/Norway/24873/2021|EPIISL12710546|2021-10-24,2021/10/24
A/Florida/02/2021|EPIISL7256569|2021-10-20,2021/10/20
A/California/63/2021|EPIISL9033552|2021-12-26,2021/12/26
A/Guatemala/39/2022|EPIISL12710452|2022-01-23,2022/1/23
A/California/37/2021|EPIISL9033769|2021-12-10,2021/12/10
A/California/05/2021|EPIISL7256265|2021-10-21,2021/10/21
A/Denmark/03/2022|EPIISL9304982|2022-01-03,2022/1/3
A/Florida/22/2022|EPIISL12713520|2022-02-26,2022/2/26
A/Florida/31/2022|EPIISL12713572|2022-04-19,2022/4/19
A/Idaho/03/2021|EPIISL11533808|2021-12-25,2021/12/25
A/Honduras/8971/2022|EPIISL11496629|2022-01-04,2022/1/4
A/Texas/48/2022|EPIISL12715962|2022-03-26,2022/3/26
A/California/43/2021|EPIISL11532861|2021-12-14,2021/12/14
A/AbuDhabi/3201980/2021|EPIISL8808396|2021-11-16,2021/11/16
A/Alaska/01/2021|EPIISL5069995|2021-08-20,2021/8/20
A/India/2167/2021|EPIISL10828495|2021-09-23,2021/9/23
A/Lisboa/16/2021|EPIISL9528018|2021-12-03,2021/12/3
A/Lisboa/71/2022|EPIISL12141759|2021-12-21,2021/12/21
A/Lisboa/13/2022|EPIISL11403048|2022-01-17,2022/1/17
A/Denmark/39/2022|EPIISL9988851|2022-01-14,2022/1/14
A/Indiana/09/2022|EPIISL12713232|2022-03-20,2022/3/20
A/California/11/2022|EPIISL11959396|2022-01-18,2022/1/18
A/Connecticut/02/2022|EPIISL11533897|2022-02-14,2022/2/14
A/Idaho/19/2022|EPIISL12716154|2022-03-22,2022/3/22
A/Romania/14685/2022|EPIISL12809105|2022-02-28,2022/2/28
A/Michigan/23/2022|EPIISL12713563|2022-04-01,2022/4/1
A/Guatemala/09/2022|EPIISL12710567|2022-01-04,2022/1/4
A/Bangladesh/9019/2021|EPIISL9388970|2021-09-20,2021/9/20
A/Bahrain/5753/2021|EPIISL10826402|2021-10-13,2021/10/13
A/DistrictOfColumbia/33/2022|EPIISL12713502|2022-04-15,2022/4/15
A/Arkansas/11/2022|EPIISL12713977|2022-04-06,2022/4/6
A/Myanmar/I019/2021|EPIISL11303028|2021-08-01,2021/8/1
A/Myanmar/I039/2021|EPIISL11303031|2021-08-01,2021/8/1
A/Myanmar/I026/2021|EPIISL11303029|2021-08-01,2021/8/1
A/Myanmar/I046/2021|EPIISL9109660|2021-10-21,2021/10/21
A/Myanmar/I035/2021|EPIISL11303030|2021-08-01,2021/8/1
A/Qatar/39-VI-21-4154225/2021|EPIISL5365839|2021-08-17,2021/8/17
A/Netherlands/10003/2021|EPIISL4199173|2021-09-02,2021/9/2
A/Netherlands/10001/2021|EPIISL4199171|2021-09-06,2021/9/6
A/Netherlands/10002/2021|EPIISL4199172|2021-09-06,2021/9/6
A/Netherlands/10008/2021|EPIISL4525906|2021-09-09,2021/9/9
A/Netherlands/10010/2021|EPIISL4525907|2021-09-11,2021/9/11
A/Netherlands/10009/2021|EPIISL4525908|2021-09-13,2021/9/13
A/Netherlands/10011/2021|EPIISL4969110|2021-09-20,2021/9/20
A/Netherlands/10025/2021|EPIISL5526974|2021-09-11,2021/9/11
A/Netherlands/10023/2021|EPIISL5526946|2021-10-09,2021/10/9
A/Netherlands/10046/2021|EPIISL6189230|2021-10-24,2021/10/24
A/Netherlands/10123/2021|EPIISL10626843|2021-11-03,2021/11/3
A/Netherlands/10128/2021|EPIISL6824561|2021-11-08,2021/11/8
A/Netherlands/10228/2021|EPIISL8708967|2021-12-30,2021/12/30
A/Netherlands/10004/2021|EPIISL4199174|2021-09-07,2021/9/7
A/Netherlands/10397/2022|EPIISL11309893|2022-03-09,2022/3/9
A/Netherlands/10348/2022|EPIISL11449435|2022-03-14,2022/3/14
A/Alaska/01/2021|EPIISL11105867|2021-08-20,2021/8/20
A/BritishColumbia/22/2021|EPIISL11041946|2021-12-22,2021/12/22
A/Michigan/UOM10043274339/2021|EPIISL9769115|2021-12-22,2021/12/22
A/SriLanka/11/2021|EPIISL9847616|2021-12-16,2021/12/16
A/Lisboa/106/2022|EPIISL12142159|2022-03-04,2022/3/4
A/RhodeIsland/11/2022|EPIISL11533902|2022-02-14,2022/2/14
A/Netherlands/00432/2022|EPIISL11782186|2022-03-16,2022/3/16
A/England/220590291/2022|EPIISL11112343|2022-02-03,2022/2/3
A/Netherlands/10000/2021|EPIISL1913253|2021-02-21,2021/2/21
A/California/01/2021|EPIISL4373641|2021-08-09,2021/8/9
A/California/01/2021|EPIISL4373604|2021-08-09,2021/8/9
A/India/2155/2021|EPIISL10828440|2021-09-03,2021/9/3
A/India/PUN-NIV301718/2021|EPIISL4080570|2021-04-12,2021/4/12
A/Nebraska/01/2021|EPIISL4373623|2021-08-17,2021/8/17
A/Nebraska/01/2021|EPIISL4373608|2021-08-17,2021/8/17
A/Nepal/21FL2699/2021|EPIISL10826905|2021-08-11,2021/8/11
A/Illinois/14/2022|EPIISL12710570|2022-03-31,2022/3/31
A/Hawaii/03/2022|EPIISL11533853|2022-02-23,2022/2/23
A/Utah/18/2022|EPIISL12716192|2022-04-02,2022/4/2
A/Montana/13/2022|EPIISL12717537|2022-03-20,2022/3/20
A/Denmark/566/2022|EPIISL12343197|2022-03-09,2022/3/9
A/India/PUN-NIV301759/2021|EPIISL4373531|2021-04-12,2021/4/12
A/India/PUN-NIV323256/2021|EPIISL4373402|2021-06-21,2021/6/21
A/NewYork/02/2022|EPIISL9390600|2022-01-04,2022/1/4
A/Connecticut/11/2022|EPIISL12713494|2022-04-02,2022/4/2
A/UnitedKingdom/12666/2022|EPIISL12422549|2022-03-01,2022/3/1
A/Denmark/03/2021|EPIISL8770011|2021-09-11,2021/9/11
A/Denmark/06/2021|EPIISL8770002|2021-09-13,2021/9/13
A/Denmark/08/2021|EPIISL8769998|2021-09-17,2021/9/17
A/Paris/28742/2021|EPIISL8628639|2021-09-29,2021/9/29
A/Catalonia/NSVH101694902/2021|EPIISL8882123|2021-12-10,2021/12/10
A/Catalonia/NSVH101698109/2021|EPIISL8882125|2021-12-14,2021/12/14
A/MountainAsh/8403/2022|EPIISL11000769|2022-02-28,2022/2/28
A/NewYork/02/2021|EPIISL7256673|2021-07-17,2021/7/17
A/NewYork/02/2021|EPIISL7256285|2021-07-17,2021/7/17
A/NewYork/01/2021|EPIISL3794331|2021-07-17,2021/7/17
A/Pakistan/ICT14/2021|EPIISL9346128|2021-10-29,2021/10/29
A/Netherlands/10040/2022|EPIISL9750619|2022-01-30,2022/1/30
A/Yekaterinburg/10-01V/2021|EPIISL5056474|2021-08-24,2021/8/24
A/Tyumen/1V/2021|EPIISL3723515|2021-07-30,2021/7/30
A/Netherlands/00470/2022|EPIISL11985580|2022-03-25,2022/3/25
A/Netherlands/00312/2022|EPIISL11522872|2022-03-14,2022/3/14
A/Netherlands/00176/2022|EPIISL11520339|2022-03-04,2022/3/4
A/Denmark/150/2022|EPIISL12322746|2022-02-17,2022/2/17
A/Denmark/511/2022|EPIISL12344160|2022-03-08,2022/3/8
A/Denmark/86/2022|EPIISL10803084|2022-02-06,2022/2/6
A/Berlin/1/2021|EPIISL9250432|2021-09-16,2021/9/16
A/Mecklenburg-Vorpommern/21/2022|EPIISL11787059|2022-02-04,2022/2/4
A/Nordrhein-Westfalen/1/2022|EPIISL11217721|2022-01-21,2022/1/21
A/Russia/7V/2021|EPIISL3723499|2021-08-19,2021/8/19
A/Russia/3V/2021|EPIISL4105366|2021-08-19,2021/8/19
A/Russia/11V/2021|EPIISL4105458|2021-08-19,2021/8/19
A/Russia/11V/2021|EPIISL3723506|2021-08-19,2021/8/19
A/Moscow/12-04V/2021|EPIISL5056431|2021-09-13,2021/9/13
A/Russia/6V/2021|EPIISL4105367|2021-08-19,2021/8/19
A/Russia/10V/2021|EPIISL3723508|2021-08-19,2021/8/19
A/Russia/3V/2021|EPIISL3723493|2021-08-19,2021/8/19
A/Lipetsk/9-2aV/2021|EPIISL4105989|2021-08-26,2021/8/26
A/Russia/33f44V/2021|EPIISL4105459|2021-08-19,2021/8/19
A/YANAO/08-01V/2021|EPIISL5056433|2021-08-08,2021/8/8
A/Russia/4V/2021|EPIISL3723511|2021-08-19,2021/8/19
A/Novosibirsk/RII-MH38235S/2021|EPIISL6940690|2021-10-27,2021/10/27
A/Russia/109-83V/2021|EPIISL6829573|2021-11-15,2021/11/15
A/Moscow/12-03V/2021|EPIISL5056430|2021-09-04,2021/9/4
A/Saint-Petersburg/RII-4477S/2021|EPIISL8717180|2021-11-30,2021/11/30
A/Vladivostok/77-07V/2021|EPIISL6180923|2021-10-31,2021/10/31
A/Saint-Petersburg/RII-5336S/2021|EPIISL8833215|2021-12-13,2021/12/13
A/Saint-Petersburg/RII-4480S/2021|EPIISL12107430|2021-11-30,2021/11/30
A/Vladivostok/77-04V/2021|EPIISL6180872|2021-10-31,2021/10/31
A/Saint-Petersburg/RII-47751S/2021|EPIISL6157743|2021-09-15,2021/9/15
A/SaintPetersburg/13-01V/2021|EPIISL5056432|2021-09-14,2021/9/14
A/Saint-Petersburg/RII-2415S/2021|EPIISL6157813|2021-01-02,2021/1/2
A/Saint-Petersburg/RII-7661S/2021|EPIISL12107772|2021-12-24,2021/12/24
A/Saint-Petersburg/RII-3382S/2021|EPIISL6940703|2021-11-14,2021/11/14
A/Krasnoyarsk/RII-MH45606S/2021|EPIISL9260817|2021-11-23,2021/11/23
A/Kaliningrad/RII-06V/2021|EPIISL9260878|2021-11-25,2021/11/25
A/Kaliningrad/RII-02V/2021|EPIISL9260724|2021-11-20,2021/11/20
A/Kaliningrad/RII-MH41672S/2021|EPIISL8717263|2021-11-24,2021/11/24
A/Kaliningrad/RII-03V/2021|EPIISL9260734|2021-11-24,2021/11/24
A/Moscow/12-02V/2021|EPIISL5056429|2021-09-13,2021/9/13
A/Picardie/28479/20219|EPIISL8591354|2021-09-17,2021/9/17
A/Catalonia/NSVH198241497/2022|EPIISL12471322|2022-04-22,2022/4/22
A/Abergele/9987/2022|EPIISL11403528|2022-03-15,2022/3/15
A/Sketty/0264/2022|EPIISL12252123|2022-03-19,2022/3/19
A/Cardiff/8268/2022|EPIISL10402015|2022-02-15,2022/2/15
A/Pontardawe/8256/2022|EPIISL11149561|2022-03-03,2022/3/3
A/PortTalbot/4285/2022|EPIISL10984736|2022-02-28,2022/2/28
A/Wrexham/3741/2022|EPIISL12646707|2022-04-20,2022/4/20
A/Bretagne/18379/2022|EPIISL11814499|2022-03-07,2022/3/7
A/Catalonia/NSVH198241504/2022|EPIISL12471320|2022-04-22,2022/4/22
A/Romania/495025B/2022|EPIISL8839179|2022-01-04,2022/1/4
A/St.Petersburg/CRIE/3/2021|EPIISL4237003|2021-09-02,2021/9/2
A/Kostroma/CRIE/1/2021|EPIISL3988302|2021-08-23,2021/8/23
A/Kirov/CRIE/3/2021|EPIISL3770737|2021-08-16,2021/8/16
A/NADYM/RII-46578S/21|EPIISL4382680|2021-08-07,2021/8/7
A/Moscow/CRIE/32/2021|EPIISL6033237|2021-10-20,2021/10/20
A/Elista/CRIE/232/2021|EPIISL7019069|2021-11-26,2021/11/26
A/Voronezh/CRIE/4/2021|EPIISL4473225|2021-09-10,2021/9/10
A/Kursk/CRIE/193/2022|EPIISL12179451|2022-04-11,2022/4/11
A/Orenburg/CRIE/75/2021|EPIISL8647833|2021-11-25,2021/11/25
A/Elista/CRIE/212/2021|EPIISL7019048|2021-11-26,2021/11/26
A/Indiana/01/2022|EPIISL11533860|2022-02-08,2022/2/8
A/Moscow/CRIE/2/2021|EPIISL2178976|2021-05-04,2021/5/4
A/VelikyNovgorod/CRIE/16/2021|EPIISL5530230|2021-09-29,2021/9/29
A/Russia/6-60V/2021|EPIISL4105991|2021-08-19,2021/8/19
A/Indonesia/NIHRDBPP1533/2020|EPIISL718127|2020-02-17,2020/2/17
A/California/07/2020|EPIISL409386|2020-01-06,2020/1/6
A/Mexico/INCMNSZ/BMQ285/Nov2019/H3N2|EPIISL411898|2019-11-28,2019/11/28
A/Mexico/2709/2019|EPIISL404545|2019-10-06,2019/10/6
A/Mexico/2943/2019|EPIISL404550|2019-10-31,2019/10/31
A/Quebec/RV3597/2020|EPIISL471536|2020-03-03,2020/3/3
A/Hawaii/85/2019|EPIISL404603|2019-12-16,2019/12/16
A/Denmark/302/2020|EPIISL407949|2020-01-13,2020/1/13
A/Denmark/293/2020|EPIISL407942|2020-01-15,2020/1/15
A/Denmark/274/2020|EPIISL407964|2020-01-16,2020/1/16
A/Michigan/01/2020|EPIISL2305887|2020-01-02,2020/1/2
A/Berlin/27/2020|EPIISL413440|2020-01-30,2020/1/30
A/Romania/122/2020|EPIISL413464|2020-01-10,2020/1/10
A/Jamaica/0261/2020|EPIISL455808|2020-01-20,2020/1/20
A/Macedonia/378/2020|EPIISL512108|2020-02-02,2020/2/2
A/Bahrain/872/2019|EPIISL412133|2019-12-22,2019/12/22
A/Berlin/18/2020|EPIISL410980|2020-01-28,2020/1/28
A/Macedonia/385/2020|EPIISL512110|2020-02-02,2020/2/2
A/Netherlands/02474/2019|EPIISL406858|2019-12-26,2019/12/26
A/Pakistan/2527/2019|EPIISL416809|2019-12-14,2019/12/14
A/Quebec/201/2019|EPIISL411544|2019-12-28,2019/12/28
A/NorthernIreland/30012/2019|EPIISL401690|2019-11-05,2019/11/5
A/England/10772/2019|EPIISL414057|2019-12-24,2019/12/24
A/CzechRepublic/38/2020|EPIISL409973|2020-01-07,2020/1/7
A/England/194940525/2019|EPIISL408306|2019-11-26,2019/11/26
A/PaysdeLoire/2718/2019|EPIISL407513|2019-12-10,2019/12/10
A/Paris/2560/2019|EPIISL407512|2019-11-25,2019/11/25
A/England/585/2019|EPIISL428503|2019-12-04,2019/12/4
A/Belgium/S0710/2020|EPIISL477471|2020-02-08,2020/2/8
A/England/644/2019|EPIISL408375|2019-12-05,2019/12/5
A/England/308/2019|EPIISL399814|2019-10-09,2019/10/9
A/Gavle/9/2019|EPIISL398731|2019-10-29,2019/10/29
A/England/345/2019|EPIISL399832|2019-10-18,2019/10/18
A/England/335/2019|EPIISL399841|2019-10-28,2019/10/28
A/England/483/2019|EPIISL408067|2019-11-22,2019/11/22
A/England/702/2019|EPIISL428576|2019-12-11,2019/12/11
A/England/362/2019|EPIISL405122|2019-10-31,2019/10/31
A/England/555/2019|EPIISL408298|2019-11-26,2019/11/26
A/England/708/2019|EPIISL428587|2019-12-11,2019/12/11
A/Norway/1900/2020|EPIISL500734|2020-03-12,2020/3/12
A/England/343/2019|EPIISL399829|2019-10-21,2019/10/21
A/England/894/2019|EPIISL480463|2019-12-31,2019/12/31
A/England/421/2019|EPIISL405184|2019-11-15,2019/11/15
A/England/732/2019|EPIISL459761|2019-12-15,2019/12/15
A/England/501/2019|EPIISL405238|2019-10-20,2019/10/20
A/England/605/2019|EPIISL408296|2019-11-26,2019/11/26
A/Denmark/298/2020|EPIISL477519|2020-01-18,2020/1/18
A/England/200380303/2020|EPIISL480520|2020-01-08,2020/1/8
A/England/651/2019|EPIISL459737|2019-12-05,2019/12/5
A/England/384/2019|EPIISL408033|2019-11-18,2019/11/18
A/England/194780278/2019|EPIISL405175|2019-11-18,2019/11/18
A/England/194840321/2019|EPIISL405094|2019-11-20,2019/11/20
A/England/403/2019|EPIISL408050|2019-11-15,2019/11/15
A/England/571/2019|EPIISL408319|2019-12-02,2019/12/2
A/England/194840330/2019|EPIISL405254|2019-11-15,2019/11/15
A/England/812/2019|EPIISL459805|2019-12-16,2019/12/16
A/England/194780194/2019|EPIISL428521|2019-11-22,2019/11/22
A/England/194840318/2019|EPIISL405250|2019-11-19,2019/11/19
A/England/195040635/2019|EPIISL428545|2019-12-09,2019/12/9
A/Belgium/G0048/2020|EPIISL477401|2020-01-07,2020/1/7
A/England/411/2019|EPIISL405169|2019-11-19,2019/11/19
A/England/194800299/2019|EPIISL405089|2019-11-19,2019/11/19
A/England/849/2019|EPIISL459836|2019-12-18,2019/12/18
A/Belgium/G0214/2020|EPIISL477418|2020-02-05,2020/2/5
A/England/540/2019|EPIISL408011|2019-11-22,2019/11/22
A/England/410/2019|EPIISL405168|2019-11-15,2019/11/15
A/England/599/2019|EPIISL418458|2019-11-13,2019/11/13
A/England/412/2019|EPIISL405170|2019-11-19,2019/11/19
A/Belgium/G0528/2019|EPIISL406325|2019-12-19,2019/12/19
A/England/838/2019|EPIISL459835|2019-12-18,2019/12/18
A/Bulgaria/1051/2020|EPIISL609911|2020-02-21,2020/2/21
A/Norway/2176/2020|EPIISL500739|2020-03-18,2020/3/18
A/Iceland/18/2020|EPIISL477534|2020-02-29,2020/2/29
A/Grenoble/185/2020|EPIISL498324|2020-01-10,2020/1/10
A/Avignon/1286/2020|EPIISL498289|2020-02-17,2020/2/17
A/Cyprus/F1267/2020|EPIISL500725|2020-02-27,2020/2/27
A/England/194800289/2019|EPIISL405208|2019-11-20,2019/11/20
A/Alba-Iulia/256557/2020|EPIISL409938|2020-01-20,2020/1/20
A/Macedonia/509/2020|EPIISL498373|2020-02-17,2020/2/17
A/Ireland/87568/2019|EPIISL406192|2019-10-31,2019/10/31
A/England/756/2019|EPIISL428640|2019-12-11,2019/12/11
A/Switzerland/6529/2020|EPIISL486767|2020-02-21,2020/2/21
A/Finland/181/2020|EPIISL467018|2020-02-01,2020/2/1
A/Finland/181/2020|EPIISL485739|2020-02-01,2020/2/1
A/Ireland/94634/2019|EPIISL403302|2019-11-19,2019/11/19
A/Lyon/CHU/R19.154.50/2019|EPIISL498366|2019-12-31,2019/12/31
A/Iceland/26/2020|EPIISL485759|2020-03-13,2020/3/13
A/England/552/2019|EPIISL408295|2019-11-29,2019/11/29
A/England/194740627/2019|EPIISL405147|2019-11-14,2019/11/14
A/England/747/2019|EPIISL428633|2019-12-10,2019/12/10
A/England/195160661/2019|EPIISL428518|2019-12-16,2019/12/16
A/England/729/2019|EPIISL428508|2019-12-08,2019/12/8
A/England/667/2019|EPIISL428551|2019-12-10,2019/12/10
A/England/741/2019|EPIISL428620|2019-12-12,2019/12/12
A/England/200181145/2019|EPIISL486998|2019-12-26,2019/12/26
A/England/195080686/2019|EPIISL428580|2019-12-11,2019/12/11
A/Lithuania/MB42384/2019|EPIISL410001|2019-12-24,2019/12/24
A/Estonia/126500/2020|EPIISL500731|2020-02-19,2020/2/19
A/Cyprus/F804/2020|EPIISL434418|2020-02-02,2020/2/2
A/Ireland/85561/2019|EPIISL426207|2019-10-24,2019/10/24
A/England/200100391/2019|EPIISL470942|2019-12-19,2019/12/19
A/Bourgogne/1249/2020|EPIISL462108|2020-02-17,2020/2/17
A/England/309/2019|EPIISL399818|2019-10-15,2019/10/15
A/England/378/2019|EPIISL408030|2019-11-18,2019/11/18
A/England/195040727/2019|EPIISL408381|2019-12-02,2019/12/2
A/England/51/2020|EPIISL480486|2020-01-06,2020/1/6
A/England/718/2019|EPIISL459754|2019-12-12,2019/12/12
A/Denmark/1090/2020|EPIISL477512|2020-02-13,2020/2/13
A/Macedonia/505/2020|EPIISL498372|2020-02-17,2020/2/17
A/Belgium/G0082/2020|EPIISL477407|2020-01-20,2020/1/20
A/Belgium/G0111/2020|EPIISL477410|2020-01-25,2020/1/25
A/England/780/2019|EPIISL459785|2019-12-16,2019/12/16
A/England/194560463/2019|EPIISL405123|2019-11-04,2019/11/4
A/England/922/2019|EPIISL459846|2019-12-16,2019/12/16
A/England/652/2019|EPIISL459738|2019-12-09,2019/12/9
A/Norway/828/2020|EPIISL500749|2020-02-06,2020/2/6
A/Germany/11985/2020|EPIISL463777|2020-02-13,2020/2/13
A/Hungary/11/2020|EPIISL407150|2020-01-14,2020/1/14
A/England/481/2019|EPIISL405255|2019-11-19,2019/11/19
A/Iceland/29/2020|EPIISL477539|2020-03-16,2020/3/16
A/CzechRepublic/1670/2019|EPIISL416201|2019-11-28,2019/11/28
A/England/893/2019|EPIISL470987|2019-12-30,2019/12/30
A/NorthernIreland/30584/2019|EPIISL401698|2019-11-12,2019/11/12
A/Netherlands/10268/2019|EPIISL416280|2019-12-10,2019/12/10
A/Brandenburg/9/2020|EPIISL434392|2020-02-23,2020/2/23
A/Belgium/S0571/2020|EPIISL485723|2020-02-03,2020/2/3
A/Cyprus/F755/2020|EPIISL434417|2020-02-02,2020/2/2
A/Netherlands/10103/2020|EPIISL411948|2020-02-11,2020/2/11
A/Netherlands/10209/2020|EPIISL413541|2020-02-24,2020/2/24
A/Netherlands/01687/2019|EPIISL401971|2019-12-12,2019/12/12
A/Netherlands/01723/2019|EPIISL403750|2019-12-22,2019/12/22
A/Netherlands/02421/2019|EPIISL403762|2019-12-25,2019/12/25
A/Netherlands/00315/2020|EPIISL415712|2020-02-04,2020/2/4
A/Netherlands/10137/2020|EPIISL413532|2020-02-19,2020/2/19
A/Netherlands/01718/2019|EPIISL403747|2019-12-22,2019/12/22
A/Netherlands/10121/2020|EPIISL413525|2020-02-17,2020/2/17
A/Kosice/137/2020|EPIISL477546|2020-01-21,2020/1/21
A/England/650/2019|EPIISL459736|2019-12-09,2019/12/9
A/Hessen/45/2020|EPIISL481472|2020-03-09,2020/3/9
A/Hessen/25/2020|EPIISL481443|2020-02-24,2020/2/24
A/Aberystwyth/9599/2019|EPIISL413643|2019-12-11,2019/12/11
A/NoviSad/5932/2020|EPIISL534023|2020-01-29,2020/1/29
A/Rhyl/4515/2019|EPIISL399971|2019-12-01,2019/12/1
A/PortTalbot/0536/2019|EPIISL400513|2019-12-03,2019/12/3
A/Wrexham/9440/2019|EPIISL400534|2019-12-03,2019/12/3
A/Kaliningrad/1/2019|EPIISL407145|2019-12-24,2019/12/24
A/Pontypridd/9299/2019|EPIISL413639|2019-11-27,2019/11/27
A//Romania/256564/2020|EPIISL468317|2020-01-17,2020/1/17
A/Romania/259282/2020|EPIISL516790|2020-02-29,2020/2/29
A/Swansea/0364/2019|EPIISL399952|2019-12-01,2019/12/1
A/Cardiff/1286/2019|EPIISL400530|2019-12-01,2019/12/1
A/Monmouth/3635/2019|EPIISL398176|2019-10-30,2019/10/30
A/Rhyl/9543/2019|EPIISL399950|2019-11-27,2019/11/27
A/Oswestry/1328/2019|EPIISL400616|2019-12-11,2019/12/11
A/Netherlands/00259/2020|EPIISL412432|2020-02-03,2020/2/3
A/Arizona/11850/2020|EPIISL435173|2020-02-04,2020/2/4
A/Kansas/14/2017|EPIISL403059|2017-12-14,2017/12/14
A/Indiana/08/2018|EPIISL305809|2018-02-06,2018/2/6
A/Texas/71/2017|EPIISL282799|2017-03-18,2017/3/18
A/Peru/27/2015|EPIISL192696|2015-04-13,2015/4/13
A/Philippines/6/2021|EPIISL3950048|2021-07-05,2021/7/5
A/Idaho/33/2016|EPIISL232560|2016-06-07,2016/6/7
A/Nevada/22/2016|EPIISL222079|2016-03-04,2016/3/4
A/Texas/88/2016|EPIISL230376|2016-02-24,2016/2/24
